support,metric,local_family,local_geometry,local_k,local_alpha,global_family,global_geometry,global_psi,global_scale,lambda,n_datasets,mean_f1,median_f1,std_f1,min_f1,n_dataset_wins,n_strict_wins,n_tied_wins
graphs,algfw_L-local_scaling_manhattan_k3_G-centroid_cosine_rational_scale4_lambda0.4,local_scaling,manhattan,3.0,,centroid,cosine,rational,4.0,0.4,15,0.6678216,0.6662216,0.004197452,0.6648794,0.0,0,0
graphs,algfw_L-local_scaling_euclidean_k3_G-centroid_cosine_gaussian_scale4_lambda0.4,local_scaling,euclidean,3.0,,centroid,cosine,gaussian,4.0,0.4,15,0.6677963,0.6662216,0.0045274366,0.6648794,0.0,0,0
graphs,algfw_L-local_scaling_manhattan_k3_G-centroid_cosine_linear_scale2_lambda0.6,local_scaling,manhattan,3.0,,centroid,cosine,linear,2.0,0.6,15,0.6677569,0.6662216,0.0038690425,0.6648794,0.0,0,0
graphs,algfw_L-local_scaling_manhattan_k3_G-centroid_cosine_linear_scale4_lambda0.4,local_scaling,manhattan,3.0,,centroid,cosine,linear,4.0,0.4,15,0.66770947,0.6662216,0.0044065034,0.6648794,0.0,0,0
graphs,algfw_L-local_scaling_chebyshev_k3_G-centroid_cosine_cauchy_scale4_lambda0.5,local_scaling,chebyshev,3.0,,centroid,cosine,cauchy,4.0,0.5,15,0.6676858,0.6666667,0.0040166946,0.6648794,0.0,0,0
graphs,algfw_L-local_scaling_manhattan_k3_G-centroid_cosine_exponential_scale4_lambda0.5,local_scaling,manhattan,3.0,,centroid,cosine,exponential,4.0,0.5,15,0.6676655,0.6666667,0.004109032,0.6648794,0.0,0,0
graphs,algfw_L-local_scaling_manhattan_k3_G-centroid_cosine_cauchy_scale2_lambda0.6,local_scaling,manhattan,3.0,,centroid,cosine,cauchy,2.0,0.6,15,0.66766185,0.6662216,0.004233164,0.6648794,0.0,0,0
graphs,algfw_L-local_scaling_chebyshev_k3_G-centroid_cosine_logistic_scale1_lambda0.6,local_scaling,chebyshev,3.0,,centroid,cosine,logistic,1.0,0.6,15,0.6676605,0.6666667,0.0036456427,0.6648794,0.0,0,0
graphs,algfw_L-local_scaling_euclidean_k3_G-centroid_cosine_cauchy_scale1_lambda0.6,local_scaling,euclidean,3.0,,centroid,cosine,cauchy,1.0,0.6,15,0.6676519,0.6662216,0.0038584261,0.6648794,0.0,0,0
graphs,algfw_L-local_scaling_chebyshev_k3_G-centroid_cosine_gaussian_scale1_lambda0.7,local_scaling,chebyshev,3.0,,centroid,cosine,gaussian,1.0,0.7,15,0.66764855,0.6666667,0.0038573311,0.6648794,0.0,0,0
graphs,algfw_L-local_scaling_manhattan_k3_G-centroid_cosine_gaussian_scale2_lambda0.6,local_scaling,manhattan,3.0,,centroid,cosine,gaussian,2.0,0.6,15,0.66764796,0.6662216,0.0041553066,0.6631016,0.0,0,0
graphs,algfw_L-local_scaling_euclidean_k3_G-centroid_cosine_gaussian_scale1_lambda0.7,local_scaling,euclidean,3.0,,centroid,cosine,gaussian,1.0,0.7,15,0.66762763,0.6662216,0.0038497758,0.6648794,0.0,0,0
graphs,algfw_L-local_scaling_chebyshev_k3_G-centroid_cosine_rational_scale0.5_lambda0.4,local_scaling,chebyshev,3.0,,centroid,cosine,rational,0.5,0.4,15,0.66758615,0.6666667,0.0038104607,0.6648794,0.0,0,0
graphs,algfw_L-local_scaling_manhattan_k3_G-centroid_cosine_gaussian_scale1_lambda0.7,local_scaling,manhattan,3.0,,centroid,cosine,gaussian,1.0,0.7,15,0.6675804,0.6662216,0.0036759058,0.6648794,0.0,0,0
graphs,algfw_L-local_scaling_chebyshev_k3_G-centroid_cosine_rational_scale4_lambda0.4,local_scaling,chebyshev,3.0,,centroid,cosine,rational,4.0,0.4,15,0.6675652,0.6662216,0.003678642,0.6648794,0.0,0,0
graphs,algfw_L-local_scaling_manhattan_k3_G-centroid_cosine_rational_scale0.25_lambda0.3,local_scaling,manhattan,3.0,,centroid,cosine,rational,0.25,0.3,15,0.6675648,0.6662216,0.003798654,0.6648794,0.0,0,0
graphs,algfw_L-local_scaling_manhattan_k3_G-centroid_cosine_logistic_scale4_lambda0.4,local_scaling,manhattan,3.0,,centroid,cosine,logistic,4.0,0.4,15,0.6675444,0.6662216,0.0033552072,0.6648794,0.0,0,0
graphs,algfw_L-local_scaling_euclidean_k3_G-centroid_cosine_rational_scale1_lambda0.5,local_scaling,euclidean,3.0,,centroid,cosine,rational,1.0,0.5,15,0.6675427,0.6662216,0.0040051863,0.6648794,0.0,0,0
graphs,algfw_L-local_scaling_euclidean_k3_G-centroid_cosine_linear_scale4_lambda0.4,local_scaling,euclidean,3.0,,centroid,cosine,linear,4.0,0.4,15,0.6675415,0.6662216,0.004405661,0.6648794,0.0,0,0
graphs,algfw_L-local_scaling_chebyshev_k3_G-centroid_cosine_gaussian_scale4_lambda0.4,local_scaling,chebyshev,3.0,,centroid,cosine,gaussian,4.0,0.4,15,0.6675368,0.6666667,0.0031431005,0.6648794,0.0,0,0
graphs,algfw_L-local_scaling_manhattan_k3_G-centroid_cosine_exponential_scale2_lambda0.6,local_scaling,manhattan,3.0,,centroid,cosine,exponential,2.0,0.6,15,0.66753465,0.6662216,0.0036012493,0.6648794,0.0,0,0
graphs,algfw_L-local_scaling_chebyshev_k3_G-centroid_cosine_logistic_scale2_lambda0.6,local_scaling,chebyshev,3.0,,centroid,cosine,logistic,2.0,0.6,15,0.66752356,0.6662216,0.003973272,0.6648794,0.0,0,0
graphs,algfw_L-local_scaling_euclidean_k3_G-centroid_cosine_exponential_scale1_lambda0.5,local_scaling,euclidean,3.0,,centroid,cosine,exponential,1.0,0.5,15,0.6675163,0.6666667,0.0035810354,0.6648794,0.0,0,0
graphs,algfw_L-local_scaling_chebyshev_k3_G-centroid_cosine_cauchy_scale2_lambda0.7,local_scaling,chebyshev,3.0,,centroid,cosine,cauchy,2.0,0.7,15,0.6675091,0.6666667,0.003953034,0.6639893,0.0,0,0
graphs,algfw_L-local_scaling_euclidean_k1_G-centroid_cosine_logistic_scale0.5_lambda0.5,local_scaling,euclidean,1.0,,centroid,cosine,logistic,0.5,0.5,15,0.66750777,0.6666667,0.0027750907,0.66533065,0.0,0,0
graphs,algfw_L-local_scaling_manhattan_k3_G-centroid_cosine_cauchy_scale0.5_lambda0.4,local_scaling,manhattan,3.0,,centroid,cosine,cauchy,0.5,0.4,15,0.6675063,0.6662216,0.003857376,0.6648794,0.0,0,0
graphs,algfw_L-local_scaling_chebyshev_k3_G-centroid_cosine_cauchy_scale2_lambda0.6,local_scaling,chebyshev,3.0,,centroid,cosine,cauchy,2.0,0.6,15,0.66749185,0.6662216,0.0037203296,0.6648794,0.0,0,0
graphs,algfw_L-local_scaling_euclidean_k3_G-centroid_cosine_logistic_scale4_lambda0.4,local_scaling,euclidean,3.0,,centroid,cosine,logistic,4.0,0.4,15,0.6674815,0.6662216,0.0038804966,0.6648794,0.0,0,0
graphs,algfw_L-local_scaling_manhattan_k3_G-centroid_cosine_exponential_scale2_lambda0.5,local_scaling,manhattan,3.0,,centroid,cosine,exponential,2.0,0.5,15,0.6674812,0.6662216,0.0036127376,0.6644022,0.0,0,0
graphs,algfw_L-local_scaling_manhattan_k3_G-centroid_cosine_rational_scale1_lambda0.5,local_scaling,manhattan,3.0,,centroid,cosine,rational,1.0,0.5,15,0.66746974,0.6662216,0.0040151696,0.6648794,0.0,0,0
graphs,algfw_L-local_scaling_manhattan_k3_G-centroid_cosine_rational_scale1_lambda0.4,local_scaling,manhattan,3.0,,centroid,cosine,rational,1.0,0.4,15,0.66746706,0.6657772,0.0042263055,0.6634942,0.0,0,0
graphs,algfw_L-coverage_euclidean_k5_G-centroid_cosine_gaussian_scale4_lambda0.9,coverage,euclidean,5.0,,centroid,cosine,gaussian,4.0,0.9,15,0.6674664,0.6662216,0.005063174,0.66212267,0.0,0,0
graphs,algfw_L-local_scaling_euclidean_k3_G-centroid_cosine_logistic_scale1_lambda0.6,local_scaling,euclidean,3.0,,centroid,cosine,logistic,1.0,0.6,15,0.6674594,0.6662216,0.003258324,0.6648794,0.0,0,0
graphs,algfw_L-local_scaling_euclidean_k3_G-centroid_cosine_exponential_scale4_lambda0.5,local_scaling,euclidean,3.0,,centroid,cosine,exponential,4.0,0.5,15,0.66745764,0.6662216,0.0038277786,0.6648794,0.0,0,0
graphs,algfw_L-local_scaling_euclidean_k3_G-centroid_cosine_gaussian_scale2_lambda0.7,local_scaling,euclidean,3.0,,centroid,cosine,gaussian,2.0,0.7,15,0.6674568,0.6666667,0.0040353294,0.66354513,0.0,0,0
graphs,algfw_L-local_scaling_manhattan_k3_G-centroid_cosine_rational_scale2_lambda0.4,local_scaling,manhattan,3.0,,centroid,cosine,rational,2.0,0.4,15,0.6674518,0.6661171,0.003883227,0.6634942,0.0,0,0
graphs,algfw_L-local_scaling_chebyshev_k3_G-centroid_cosine_gaussian_scale4_lambda0.2,local_scaling,chebyshev,3.0,,centroid,cosine,gaussian,4.0,0.2,15,0.6674379,0.6661171,0.0039800415,0.66309446,0.0,0,0
graphs,algfw_L-local_scaling_euclidean_k3_G-centroid_cosine_gaussian_scale2_lambda0.6,local_scaling,euclidean,3.0,,centroid,cosine,gaussian,2.0,0.6,15,0.6674376,0.6662216,0.0036176387,0.6648794,0.0,0,0
graphs,algfw_L-local_scaling_euclidean_k3_G-centroid_cosine_linear_scale2_lambda0.6,local_scaling,euclidean,3.0,,centroid,cosine,linear,2.0,0.6,15,0.66743255,0.6662216,0.0039355746,0.6648794,0.0,0,0
graphs,algfw_L-local_scaling_manhattan_k3_G-centroid_cosine_rational_scale2_lambda0.5,local_scaling,manhattan,3.0,,centroid,cosine,rational,2.0,0.5,15,0.66743124,0.6662216,0.0035973599,0.6648794,0.0,0,0
graphs,algfw_L-local_scaling_euclidean_k3_G-centroid_cosine_cauchy_scale2_lambda0.6,local_scaling,euclidean,3.0,,centroid,cosine,cauchy,2.0,0.6,15,0.6674306,0.6662216,0.00374673,0.6648794,0.0,0,0
graphs,algfw_L-local_scaling_manhattan_k3_G-centroid_cosine_rational_scale0.5_lambda0.4,local_scaling,manhattan,3.0,,centroid,cosine,rational,0.5,0.4,15,0.6674302,0.6662216,0.0034454258,0.6648794,0.0,0,0
graphs,algfw_L-local_scaling_chebyshev_k3_G-centroid_cosine_rational_scale4_lambda0.5,local_scaling,chebyshev,3.0,,centroid,cosine,rational,4.0,0.5,15,0.6674166,0.6666667,0.0036257461,0.6639893,0.0,0,0
graphs,algfw_L-coverage_manhattan_k5_G-centroid_cosine_gaussian_scale4_lambda0.9,coverage,manhattan,5.0,,centroid,cosine,gaussian,4.0,0.9,15,0.667407,0.6662216,0.0050616604,0.66212267,0.0,0,0
graphs,algfw_L-local_scaling_euclidean_k3_G-centroid_cosine_rational_scale2_lambda0.4,local_scaling,euclidean,3.0,,centroid,cosine,rational,2.0,0.4,15,0.66738355,0.6661171,0.0038207325,0.6634942,0.0,0,0
graphs,algfw_L-local_scaling_manhattan_k3_G-centroid_cosine_cauchy_scale1_lambda0.6,local_scaling,manhattan,3.0,,centroid,cosine,cauchy,1.0,0.6,15,0.66737556,0.6662216,0.0038047805,0.6648794,0.0,0,0
graphs,algfw_L-local_scaling_chebyshev_k3_G-centroid_cosine_gaussian_scale2_lambda0.5,local_scaling,chebyshev,3.0,,centroid,cosine,gaussian,2.0,0.5,15,0.667375,0.6662216,0.0043823635,0.6620594,0.0,0,0
graphs,algfw_L-local_scaling_euclidean_k3_G-centroid_cosine_rational_scale4_lambda0.4,local_scaling,euclidean,3.0,,centroid,cosine,rational,4.0,0.4,15,0.6673668,0.6662216,0.0032208469,0.6648794,0.0,0,0
graphs,algfw_L-local_scaling_chebyshev_k3_G-centroid_cosine_cauchy_scale4_lambda0.3,local_scaling,chebyshev,3.0,,centroid,cosine,cauchy,4.0,0.3,15,0.6673632,0.6657772,0.0043300563,0.66309446,0.0,0,0
graphs,algfw_L-local_scaling_euclidean_k3_G-centroid_cosine_rational_scale0.25_lambda0.3,local_scaling,euclidean,3.0,,centroid,cosine,rational,0.25,0.3,15,0.6673567,0.6662216,0.0040934184,0.6626506,0.0,0,0
graphs,algfw_L-local_scaling_euclidean_k3_G-centroid_cosine_exponential_scale2_lambda0.5,local_scaling,euclidean,3.0,,centroid,cosine,exponential,2.0,0.5,15,0.6673517,0.6661171,0.0039914562,0.6644022,0.0,0,0
graphs,algfw_L-local_scaling_manhattan_k3_G-centroid_cosine_logistic_scale4_lambda0.3,local_scaling,manhattan,3.0,,centroid,cosine,logistic,4.0,0.3,15,0.6673507,0.6657772,0.0046207355,0.6625173,0.0,0,0
graphs,algfw_L-coverage_euclidean_k5_G-mmd_rbf_euclidean_exponential_scale4_lambda0.5,coverage,euclidean,5.0,,mmd_rbf,euclidean,exponential,4.0,0.5,15,0.66735035,0.6666667,0.0053861146,0.66225165,0.0,0,0
graphs,algfw_L-local_scaling_euclidean_k3_G-centroid_cosine_cauchy_scale0.5_lambda0.4,local_scaling,euclidean,3.0,,centroid,cosine,cauchy,0.5,0.4,15,0.667347,0.6662216,0.00259425,0.6653253,0.0,0,0
graphs,algfw_L-local_scaling_manhattan_k1_G-centroid_cosine_logistic_scale0.5_lambda0.5,local_scaling,manhattan,1.0,,centroid,cosine,logistic,0.5,0.5,15,0.6673454,0.6666667,0.002756377,0.66533065,0.0,0,0
graphs,algfw_L-local_scaling_manhattan_k3_G-centroid_cosine_exponential_scale1_lambda0.5,local_scaling,manhattan,3.0,,centroid,cosine,exponential,1.0,0.5,15,0.66734356,0.6662216,0.0035036132,0.6648794,0.0,0,0
graphs,algfw_L-local_scaling_chebyshev_k3_G-centroid_cosine_rational_scale0.25_lambda0.3,local_scaling,chebyshev,3.0,,centroid,cosine,rational,0.25,0.3,15,0.6673391,0.6666667,0.0033039632,0.6648794,0.0,0,0
graphs,algfw_L-local_scaling_chebyshev_k3_G-centroid_cosine_linear_scale1_lambda0.8,local_scaling,chebyshev,3.0,,centroid,cosine,linear,1.0,0.8,15,0.6673382,0.6666667,0.0032456368,0.6648794,0.0,0,0
graphs,algfw_L-local_scaling_chebyshev_k3_G-centroid_cosine_linear_scale4_lambda0.5,local_scaling,chebyshev,3.0,,centroid,cosine,linear,4.0,0.5,15,0.6673382,0.6666667,0.0032456368,0.6648794,0.0,0,0
graphs,algfw_L-local_scaling_chebyshev_k3_G-centroid_cosine_exponential_scale2_lambda0.6,local_scaling,chebyshev,3.0,,centroid,cosine,exponential,2.0,0.6,15,0.66732496,0.6662216,0.0035133227,0.6648794,0.0,0,0
graphs,algfw_L-local_scaling_chebyshev_k3_G-centroid_cosine_logistic_scale2_lambda0.5,local_scaling,chebyshev,3.0,,centroid,cosine,logistic,2.0,0.5,15,0.66732407,0.6662216,0.0038371955,0.6634942,0.0,0,0
graphs,algfw_L-local_scaling_manhattan_k3_G-centroid_cosine_linear_scale1_lambda0.7,local_scaling,manhattan,3.0,,centroid,cosine,linear,1.0,0.7,15,0.6673219,0.6662216,0.003698202,0.66399467,0.0,0,0
graphs,algfw_L-coverage_cosine_k5_G-centroid_cosine_logistic_scale2_lambda0.7,coverage,cosine,5.0,,centroid,cosine,logistic,2.0,0.7,15,0.66732097,0.6662216,0.0040061637,0.6639731,0.0,0,0
graphs,algfw_L-local_scaling_manhattan_k3_G-centroid_cosine_linear_scale4_lambda0.3,local_scaling,manhattan,3.0,,centroid,cosine,linear,4.0,0.3,15,0.6673202,0.6657772,0.0046563214,0.6620594,0.0,0,0
graphs,algfw_L-local_scaling_chebyshev_k3_G-centroid_cosine_logistic_scale4_lambda0.3,local_scaling,chebyshev,3.0,,centroid,cosine,logistic,4.0,0.3,15,0.6673163,0.6657772,0.0043870057,0.6625173,0.0,0,0
graphs,algfw_L-local_scaling_manhattan_k3_G-centroid_cosine_logistic_scale1_lambda0.6,local_scaling,manhattan,3.0,,centroid,cosine,logistic,1.0,0.6,15,0.66731113,0.6662216,0.003143869,0.6648794,0.0,0,0
graphs,algfw_L-local_scaling_chebyshev_k3_G-centroid_cosine_cauchy_scale1_lambda0.6,local_scaling,chebyshev,3.0,,centroid,cosine,cauchy,1.0,0.6,15,0.66730887,0.6666667,0.002951293,0.6648794,0.0,0,0
graphs,algfw_L-local_scaling_euclidean_k3_G-centroid_cosine_cauchy_scale4_lambda0.4,local_scaling,euclidean,3.0,,centroid,cosine,cauchy,4.0,0.4,15,0.66730785,0.6662216,0.004279015,0.66209733,0.0,0,0
graphs,algfw_L-local_scaling_chebyshev_k3_G-centroid_cosine_linear_scale1_lambda0.7,local_scaling,chebyshev,3.0,,centroid,cosine,linear,1.0,0.7,15,0.6673072,0.6662216,0.003630092,0.6644022,0.0,0,0
graphs,algfw_L-local_scaling_chebyshev_k3_G-centroid_cosine_logistic_scale2_lambda0.4,local_scaling,chebyshev,3.0,,centroid,cosine,logistic,2.0,0.4,15,0.66729414,0.6657772,0.0046585896,0.6630137,0.0,0,0
graphs,algfw_L-local_scaling_euclidean_k3_G-centroid_cosine_rational_scale2_lambda0.5,local_scaling,euclidean,3.0,,centroid,cosine,rational,2.0,0.5,15,0.66729176,0.6662216,0.00401201,0.6626506,0.0,0,0
graphs,algfw_L-local_scaling_chebyshev_k3_G-centroid_cosine_rational_scale1_lambda0.5,local_scaling,chebyshev,3.0,,centroid,cosine,rational,1.0,0.5,15,0.6672893,0.6662216,0.0031391596,0.6648794,0.0,0,0
graphs,algfw_L-local_scaling_chebyshev_k3_G-centroid_cosine_linear_scale4_lambda0.3,local_scaling,chebyshev,3.0,,centroid,cosine,linear,4.0,0.3,15,0.6672858,0.6657772,0.004424219,0.6620594,0.0,0,0
graphs,algfw_L-local_scaling_euclidean_k3_G-centroid_cosine_linear_scale1_lambda0.7,local_scaling,euclidean,3.0,,centroid,cosine,linear,1.0,0.7,15,0.6672813,0.6662216,0.0039326455,0.6644022,0.0,0,0
graphs,algfw_L-local_scaling_euclidean_k3_G-centroid_cosine_logistic_scale2_lambda0.5,local_scaling,euclidean,3.0,,centroid,cosine,logistic,2.0,0.5,15,0.6672755,0.6662216,0.0036847047,0.6634942,0.0,0,0
graphs,algfw_L-local_scaling_chebyshev_k1_G-centroid_cosine_exponential_scale0.25_lambda0.9,local_scaling,chebyshev,1.0,,centroid,cosine,exponential,0.25,0.9,15,0.66727525,0.6666667,0.0037428099,0.6616848,0.0,0,0
graphs,algfw_L-local_scaling_euclidean_k3_G-centroid_cosine_gaussian_scale4_lambda0.3,local_scaling,euclidean,3.0,,centroid,cosine,gaussian,4.0,0.3,15,0.6672632,0.6661171,0.004481771,0.66209733,0.0,0,0
graphs,algfw_L-coverage_euclidean_k5_G-centroid_cosine_linear_scale2_lambda0.7,coverage,euclidean,5.0,,centroid,cosine,linear,2.0,0.7,15,0.6672625,0.6662216,0.0037121316,0.6628131,0.0,0,0
graphs,algfw_L-local_scaling_euclidean_k3_G-centroid_cosine_gaussian_scale2_lambda0.5,local_scaling,euclidean,3.0,,centroid,cosine,gaussian,2.0,0.5,15,0.6672566,0.6657772,0.0045589306,0.6620594,0.0,0,0
graphs,algfw_L-local_scaling_chebyshev_k1_G-centroid_cosine_rational_scale4_lambda0.4,local_scaling,chebyshev,1.0,,centroid,cosine,rational,4.0,0.4,15,0.6672561,0.6662216,0.0029676114,0.66399467,0.0,0,0
graphs,algfw_L-local_scaling_chebyshev_k3_G-centroid_cosine_cauchy_scale2_lambda0.5,local_scaling,chebyshev,3.0,,centroid,cosine,cauchy,2.0,0.5,15,0.66725117,0.6657772,0.004636078,0.6630137,0.0,0,0
graphs,algfw_L-local_scaling_manhattan_k3_G-centroid_cosine_linear_scale2_lambda0.5,local_scaling,manhattan,3.0,,centroid,cosine,linear,2.0,0.5,15,0.6672479,0.6662216,0.0041995505,0.6620594,0.0,0,0
graphs,algfw_L-local_scaling_chebyshev_k3_G-centroid_cosine_exponential_scale0.5_lambda0.3,local_scaling,chebyshev,3.0,,centroid,cosine,exponential,0.5,0.3,15,0.6672474,0.6666667,0.0044075274,0.66175485,0.0,0,0
graphs,algfw_L-local_scaling_manhattan_k3_G-centroid_cosine_gaussian_scale2_lambda0.5,local_scaling,manhattan,3.0,,centroid,cosine,gaussian,2.0,0.5,15,0.66724646,0.6662216,0.004396891,0.6620594,0.0,0,0
graphs,algfw_L-local_scaling_manhattan_k3_G-centroid_cosine_gaussian_scale4_lambda0.3,local_scaling,manhattan,3.0,,centroid,cosine,gaussian,4.0,0.3,15,0.6672442,0.6662216,0.0042108544,0.66209733,0.0,0,0
graphs,algfw_L-coverage_chebyshev_k5_G-mmd_rbf_euclidean_affine_clipped_scale1_lambda0.5,coverage,chebyshev,5.0,,mmd_rbf,euclidean,affine_clipped,1.0,0.5,15,0.66724396,0.6666667,0.0044089206,0.66225165,0.0,0,0
graphs,algfw_L-local_scaling_euclidean_k3_G-centroid_cosine_logistic_scale4_lambda0.3,local_scaling,euclidean,3.0,,centroid,cosine,logistic,4.0,0.3,15,0.6672437,0.6657772,0.004453083,0.6625173,0.0,0,0
graphs,algfw_L-local_scaling_euclidean_k1_G-centroid_cosine_cauchy_scale0.5_lambda0.4,local_scaling,euclidean,1.0,,centroid,cosine,cauchy,0.5,0.4,15,0.66724205,0.6666667,0.0016911607,0.6657772,0.0,0,0
graphs,algfw_L-local_scaling_chebyshev_k3_G-centroid_cosine_exponential_scale4_lambda0.5,local_scaling,chebyshev,3.0,,centroid,cosine,exponential,4.0,0.5,15,0.66724145,0.6662216,0.0029304149,0.6648794,0.0,0,0
graphs,algfw_L-local_scaling_chebyshev_k5_G-centroid_cosine_logistic_scale0.25_lambda0.6,local_scaling,chebyshev,5.0,,centroid,cosine,logistic,0.25,0.6,15,0.6672319,0.6660324,0.0048447177,0.6635199,0.0,0,0
graphs,algfw_L-coverage_euclidean_k5_G-centroid_cosine_rational_scale0.25_lambda0.9,coverage,euclidean,5.0,,centroid,cosine,rational,0.25,0.9,15,0.66723055,0.6662216,0.0043653036,0.66212267,0.0,0,0
graphs,algfw_L-coverage_cosine_k5_G-centroid_cosine_cauchy_scale4_lambda0.6,coverage,cosine,5.0,,centroid,cosine,cauchy,4.0,0.6,15,0.66722834,0.66619015,0.0038987629,0.6639731,0.0,0,0
graphs,algfw_L-local_scaling_manhattan_k3_G-centroid_cosine_rational_scale0.5_lambda0.3,local_scaling,manhattan,3.0,,centroid,cosine,rational,0.5,0.3,15,0.6672264,0.6657772,0.0045084674,0.66175485,0.0,0,0
graphs,algfw_L-coverage_chebyshev_k5_G-mmd_rbf_euclidean_exponential_scale4_lambda0.2,coverage,chebyshev,5.0,,mmd_rbf,euclidean,exponential,4.0,0.2,15,0.66722524,0.6662207,0.0046345936,0.66225165,0.0,0,0
graphs,algfw_L-local_scaling_chebyshev_k3_G-centroid_cosine_logistic_scale4_lambda0.5,local_scaling,chebyshev,3.0,,centroid,cosine,logistic,4.0,0.5,15,0.66722274,0.6666667,0.0034351274,0.6648794,0.0,0,0
graphs,algfw_L-local_scaling_chebyshev_k3_G-centroid_cosine_exponential_scale2_lambda0.5,local_scaling,chebyshev,3.0,,centroid,cosine,exponential,2.0,0.5,15,0.66722184,0.6661171,0.003578382,0.6644022,0.0,0,0
graphs,algfw_L-coverage_chebyshev_k5_G-centroid_cosine_linear_scale2_lambda0.7,coverage,chebyshev,5.0,,centroid,cosine,linear,2.0,0.7,15,0.6672216,0.6662216,0.003958299,0.6628131,0.0,0,0
graphs,algfw_L-local_scaling_chebyshev_k3_G-centroid_cosine_exponential_scale1_lambda0.5,local_scaling,chebyshev,3.0,,centroid,cosine,exponential,1.0,0.5,15,0.6672205,0.6666667,0.002371249,0.6648794,0.0,0,0
graphs,algfw_L-coverage_manhattan_k5_G-centroid_manhattan_rational_scale4_lambda0.5,coverage,manhattan,5.0,,centroid,manhattan,rational,4.0,0.5,15,0.6672098,0.6666667,0.0048515834,0.6612356,0.0,0,0
graphs,algfw_L-local_scaling_chebyshev_k1_G-centroid_cosine_gaussian_scale0.25_lambda0.1,local_scaling,chebyshev,1.0,,centroid,cosine,gaussian,0.25,0.1,15,0.6672061,0.6666667,0.0035223796,0.66335815,0.0,0,0
images,algfw_L-manifold_f1_cosine_k1_G-centroid_cosine_exponential_scale0.25_lambda0.9,manifold_f1,cosine,1.0,,centroid,cosine,exponential,0.25,0.9,12,0.676359,0.67313623,0.014020193,0.6662116,0.0,0,0
images,algfw_L-dcd_cosine_alpha100_G-mmd_rbf_euclidean_logistic_scale4_lambda0.1,dcd,cosine,,100.0,mmd_rbf,euclidean,logistic,4.0,0.1,12,0.67566305,0.6668891,0.020851271,0.66129035,0.0,0,0
images,algfw_L-dcd_cosine_alpha100_G-mmd_rbf_euclidean_affine_clipped_scale1_lambda0.5,dcd,cosine,,100.0,mmd_rbf,euclidean,affine_clipped,1.0,0.5,12,0.67565614,0.66733587,0.02092393,0.66129035,0.0,0,0
images,algfw_L-dcd_cosine_alpha100_G-mmd_rbf_euclidean_affine_clipped_scale4_lambda0.2,dcd,cosine,,100.0,mmd_rbf,euclidean,affine_clipped,4.0,0.2,12,0.67565614,0.66733587,0.02092393,0.66129035,0.0,0,0
images,algfw_L-dcd_cosine_alpha100_G-mmd_rbf_euclidean_logistic_scale2_lambda0.2,dcd,cosine,,100.0,mmd_rbf,euclidean,logistic,2.0,0.2,12,0.67565614,0.66733587,0.02092393,0.66129035,0.0,0,0
images,algfw_L-dcd_cosine_alpha100_G-mmd_rbf_euclidean_exponential_scale2_lambda0.3,dcd,cosine,,100.0,mmd_rbf,euclidean,exponential,2.0,0.3,12,0.6755758,0.6666688,0.020813975,0.6609442,0.0,0,0
images,algfw_L-dcd_cosine_alpha100_G-mmd_rbf_euclidean_logistic_scale1_lambda0.3,dcd,cosine,,100.0,mmd_rbf,euclidean,logistic,1.0,0.3,12,0.6752567,0.66643244,0.021077761,0.66174495,0.0,0,0
images,algfw_L-manifold_f1_cosine_k1_G-centroid_cosine_rational_scale0.25_lambda0.9,manifold_f1,cosine,1.0,,centroid,cosine,rational,0.25,0.9,12,0.6751906,0.6700976,0.015061707,0.6662116,0.0,0,0
images,algfw_L-dcd_cosine_alpha100_G-mmd_rbf_euclidean_affine_clipped_scale2_lambda0.3,dcd,cosine,,100.0,mmd_rbf,euclidean,affine_clipped,2.0,0.3,12,0.6751793,0.66643244,0.021087665,0.66174495,0.0,0,0
images,algfw_L-dcd_manhattan_alpha10_G-centroid_manhattan_cauchy_scale2_lambda0.6,dcd,manhattan,,10.0,centroid,manhattan,cauchy,2.0,0.6,12,0.6751673,0.6664442,0.01563899,0.66436464,0.0,0,0
images,algfw_L-dcd_cosine_alpha100_G-mmd_rbf_euclidean_affine_clipped_scale0.25_lambda0.8,dcd,cosine,,100.0,mmd_rbf,euclidean,affine_clipped,0.25,0.8,12,0.675015,0.6662216,0.020971254,0.66129035,0.0,0,0
images,algfw_L-dcd_cosine_alpha100_G-sliced_wasserstein_euclidean_affine_clipped_scale1_lambda0.8,dcd,cosine,,100.0,sliced_wasserstein,euclidean,affine_clipped,1.0,0.8,12,0.6749819,0.66622114,0.020104079,0.659809,0.0,0,0
images,algfw_L-dcd_cosine_alpha100_G-sliced_wasserstein_euclidean_affine_clipped_scale4_lambda0.4,dcd,cosine,,100.0,sliced_wasserstein,euclidean,affine_clipped,4.0,0.4,12,0.67490506,0.6659994,0.019283801,0.66039,0.0,0,0
images,algfw_L-dcd_cosine_alpha100_G-centroid_manhattan_gaussian_scale4_lambda0.8,dcd,cosine,,100.0,centroid,manhattan,gaussian,4.0,0.8,12,0.6748569,0.6664443,0.01747233,0.6607989,0.0,0,0
images,algfw_L-manifold_f1_cosine_k1_G-centroid_cosine_rational_scale4_lambda0.9,manifold_f1,cosine,1.0,,centroid,cosine,rational,4.0,0.9,12,0.6748541,0.6700976,0.013532867,0.6662116,0.0,0,0
images,algfw_L-local_scaling_cosine_k1_G-centroid_cosine_cauchy_scale4_lambda0.8,local_scaling,cosine,1.0,,centroid,cosine,cauchy,4.0,0.8,12,0.6748383,0.6678033,0.017840382,0.66488653,0.0,0,0
images,algfw_L-dcd_cosine_alpha100_G-mmd_rbf_euclidean_rational_scale1_lambda0.5,dcd,cosine,,100.0,mmd_rbf,euclidean,rational,1.0,0.5,12,0.67477727,0.66555226,0.021120865,0.6614286,0.0,0,0
images,algfw_L-dcd_cosine_alpha100_G-sliced_wasserstein_euclidean_affine_clipped_scale1_lambda0.7,dcd,cosine,,100.0,sliced_wasserstein,euclidean,affine_clipped,1.0,0.7,12,0.6747531,0.66689175,0.017701637,0.6639893,0.0,0,0
images,algfw_L-dcd_cosine_alpha100_G-sliced_wasserstein_euclidean_logistic_scale2_lambda0.4,dcd,cosine,,100.0,sliced_wasserstein,euclidean,logistic,2.0,0.4,12,0.67469543,0.6662216,0.019146888,0.66039,0.0,0,0
images,algfw_L-dcd_cosine_alpha50_G-mmd_rbf_euclidean_logistic_scale4_lambda0.3,dcd,cosine,,50.0,mmd_rbf,euclidean,logistic,4.0,0.3,12,0.6746853,0.6668891,0.02022892,0.6621713,0.0,0,0
images,algfw_L-manifold_f1_cosine_k1_G-centroid_cosine_gaussian_scale0.25_lambda0.9,manifold_f1,cosine,1.0,,centroid,cosine,gaussian,0.25,0.9,12,0.6746833,0.6708174,0.011442603,0.6662116,0.0,0,0
images,algfw_L-dcd_cosine_alpha100_G-mmd_rbf_euclidean_logistic_scale0.25_lambda0.7,dcd,cosine,,100.0,mmd_rbf,euclidean,logistic,0.25,0.7,12,0.6746815,0.66599715,0.020238787,0.6600426,0.0,0,0
images,algfw_L-local_scaling_chebyshev_k5_G-mmd_rbf_euclidean_exponential_scale1_lambda0.5,local_scaling,chebyshev,5.0,,mmd_rbf,euclidean,exponential,1.0,0.5,12,0.6746616,0.6673404,0.01709943,0.66072655,0.0,0,0
images,algfw_L-dcd_cosine_alpha100_G-sliced_wasserstein_euclidean_gaussian_scale1_lambda0.7,dcd,cosine,,100.0,sliced_wasserstein,euclidean,gaussian,1.0,0.7,12,0.67461187,0.6657772,0.02142558,0.66126853,0.0,0,0
images,algfw_L-manifold_f1_cosine_k1_G-centroid_cosine_cauchy_scale0.25_lambda0.9,manifold_f1,cosine,1.0,,centroid,cosine,cauchy,0.25,0.9,12,0.6745412,0.6716744,0.009689514,0.6662116,0.0,0,0
images,algfw_L-dcd_manhattan_alpha100_G-centroid_manhattan_gaussian_scale2_lambda0.7,dcd,manhattan,,100.0,centroid,manhattan,gaussian,2.0,0.7,12,0.6745061,0.66875005,0.011827103,0.66436464,0.0,0,0
images,algfw_L-manifold_f1_cosine_k1_G-centroid_cosine_linear_scale2_lambda0.9,manifold_f1,cosine,1.0,,centroid,cosine,linear,2.0,0.9,12,0.6744957,0.6687068,0.014456723,0.65998566,0.0,0,0
images,algfw_L-local_scaling_chebyshev_k1_G-sliced_wasserstein_euclidean_gaussian_scale4_lambda0.3,local_scaling,chebyshev,1.0,,sliced_wasserstein,euclidean,gaussian,4.0,0.3,12,0.6744811,0.66599536,0.017740462,0.66399467,0.0,0,0
images,algfw_L-manifold_f1_cosine_k1_G-centroid_cosine_logistic_scale2_lambda0.9,manifold_f1,cosine,1.0,,centroid,cosine,logistic,2.0,0.9,12,0.67446995,0.67055225,0.013101836,0.660485,0.0,0,0
images,algfw_L-dcd_cosine_alpha100_G-mmd_rbf_euclidean_exponential_scale1_lambda0.5,dcd,cosine,,100.0,mmd_rbf,euclidean,exponential,1.0,0.5,12,0.67442924,0.6659994,0.021531459,0.66174495,0.0,0,0
images,algfw_L-dcd_cosine_alpha50_G-centroid_cosine_cauchy_scale4_lambda0.9,dcd,cosine,,50.0,centroid,cosine,cauchy,4.0,0.9,12,0.6744228,0.6655408,0.019059006,0.660702,0.0,0,0
images,algfw_L-manifold_f1_cosine_k1_G-centroid_cosine_logistic_scale4_lambda0.9,manifold_f1,cosine,1.0,,centroid,cosine,logistic,4.0,0.9,12,0.67441064,0.67067766,0.01163766,0.6662116,0.0,0,0
images,algfw_L-dcd_cosine_alpha100_G-mmd_rbf_euclidean_exponential_scale2_lambda0.4,dcd,cosine,,100.0,mmd_rbf,euclidean,exponential,2.0,0.4,12,0.67439914,0.6666665,0.01969677,0.6581741,0.0,0,0
images,algfw_L-dcd_cosine_alpha100_G-sliced_wasserstein_euclidean_logistic_scale0.5_lambda0.7,dcd,cosine,,100.0,sliced_wasserstein,euclidean,logistic,0.5,0.7,12,0.674397,0.6657772,0.020122375,0.660339,0.0,0,0
images,algfw_L-dcd_cosine_alpha100_G-sliced_wasserstein_euclidean_gaussian_scale4_lambda0.2,dcd,cosine,,100.0,sliced_wasserstein,euclidean,gaussian,4.0,0.2,12,0.6743958,0.6659901,0.018607697,0.66039,0.0,0,0
images,algfw_L-dcd_cosine_alpha100_G-sliced_wasserstein_euclidean_exponential_scale0.5_lambda0.8,dcd,cosine,,100.0,sliced_wasserstein,euclidean,exponential,0.5,0.8,12,0.6743863,0.66621935,0.022835994,0.6540027,0.0,0,0
images,algfw_L-dcd_manhattan_alpha10_G-centroid_manhattan_logistic_scale2_lambda0.7,dcd,manhattan,,10.0,centroid,manhattan,logistic,2.0,0.7,12,0.67437387,0.6668993,0.014523519,0.66436464,0.0,0,0
images,algfw_L-local_scaling_chebyshev_k5_G-mmd_rbf_euclidean_rational_scale2_lambda0.4,local_scaling,chebyshev,5.0,,mmd_rbf,euclidean,rational,2.0,0.4,12,0.67437315,0.6659981,0.016863758,0.6610879,0.0,0,0
images,algfw_L-dcd_cosine_alpha100_G-mmd_rbf_euclidean_exponential_scale4_lambda0.2,dcd,cosine,,100.0,mmd_rbf,euclidean,exponential,4.0,0.2,12,0.67436934,0.6664661,0.020795904,0.66129035,0.0,0,0
images,algfw_L-dcd_cosine_alpha100_G-sliced_wasserstein_euclidean_rational_scale4_lambda0.5,dcd,cosine,,100.0,sliced_wasserstein,euclidean,rational,4.0,0.5,12,0.6743668,0.6659994,0.020266088,0.65824664,0.0,0,0
images,algfw_L-dcd_cosine_alpha100_G-sliced_wasserstein_euclidean_cauchy_scale0.5_lambda0.8,dcd,cosine,,100.0,sliced_wasserstein,euclidean,cauchy,0.5,0.8,12,0.6743582,0.666222,0.02133867,0.6549153,0.0,0,0
images,algfw_L-dcd_cosine_alpha100_G-sliced_wasserstein_euclidean_logistic_scale1_lambda0.7,dcd,cosine,,100.0,sliced_wasserstein,euclidean,logistic,1.0,0.7,12,0.6743571,0.66575575,0.02030039,0.6603774,0.0,0,0
images,algfw_L-dcd_cosine_alpha100_G-sliced_wasserstein_euclidean_gaussian_scale0.5_lambda0.8,dcd,cosine,,100.0,sliced_wasserstein,euclidean,gaussian,0.5,0.8,12,0.6743538,0.6664432,0.021135999,0.6581081,0.0,0,0
images,algfw_L-dcd_cosine_alpha100_G-sliced_wasserstein_euclidean_cauchy_scale4_lambda0.3,dcd,cosine,,100.0,sliced_wasserstein,euclidean,cauchy,4.0,0.3,12,0.6743388,0.6659994,0.018911224,0.66039,0.0,0,0
images,algfw_L-local_scaling_chebyshev_k5_G-mmd_rbf_euclidean_logistic_scale1_lambda0.4,local_scaling,chebyshev,5.0,,mmd_rbf,euclidean,logistic,1.0,0.4,12,0.67433864,0.6668923,0.017028408,0.659808,0.0,0,0
images,algfw_L-dcd_euclidean_alpha10_G-centroid_manhattan_cauchy_scale4_lambda0.4,dcd,euclidean,,10.0,centroid,manhattan,cauchy,4.0,0.4,12,0.67431694,0.6664442,0.014853486,0.66436464,0.0,0,0
images,algfw_L-local_scaling_chebyshev_k5_G-mmd_rbf_euclidean_exponential_scale2_lambda0.4,local_scaling,chebyshev,5.0,,mmd_rbf,euclidean,exponential,2.0,0.4,12,0.67429286,0.6673404,0.016389864,0.66262627,0.0,0,0
images,algfw_L-local_scaling_chebyshev_k5_G-mmd_rbf_euclidean_logistic_scale0.5_lambda0.5,local_scaling,chebyshev,5.0,,mmd_rbf,euclidean,logistic,0.5,0.5,12,0.674289,0.66620594,0.017436756,0.66262627,0.0,0,0
images,algfw_L-dcd_cosine_alpha100_G-mmd_rbf_euclidean_rational_scale0.5_lambda0.6,dcd,cosine,,100.0,mmd_rbf,euclidean,rational,0.5,0.6,12,0.6742888,0.66507304,0.021765243,0.66005665,0.0,0,0
images,algfw_L-local_scaling_chebyshev_k5_G-mmd_rbf_euclidean_rational_scale1_lambda0.5,local_scaling,chebyshev,5.0,,mmd_rbf,euclidean,rational,1.0,0.5,12,0.6742832,0.6657772,0.016179675,0.66219836,0.0,0,0
images,algfw_L-dcd_cosine_alpha50_G-centroid_cosine_logistic_scale4_lambda0.9,dcd,cosine,,50.0,centroid,cosine,logistic,4.0,0.9,12,0.6742814,0.6657673,0.01959364,0.66058904,0.0,0,0
images,algfw_L-dcd_cosine_alpha100_G-sliced_wasserstein_euclidean_logistic_scale0.25_lambda0.8,dcd,cosine,,100.0,sliced_wasserstein,euclidean,logistic,0.25,0.8,12,0.6742713,0.6653247,0.021195788,0.6566141,0.0,0,0
images,algfw_L-dcd_cosine_alpha100_G-sliced_wasserstein_euclidean_gaussian_scale2_lambda0.4,dcd,cosine,,100.0,sliced_wasserstein,euclidean,gaussian,2.0,0.4,12,0.6742697,0.6659994,0.020351108,0.6597938,0.0,0,0
images,algfw_L-dcd_cosine_alpha100_G-mmd_rbf_euclidean_cauchy_scale0.5_lambda0.3,dcd,cosine,,100.0,mmd_rbf,euclidean,cauchy,0.5,0.3,12,0.6742611,0.6668891,0.020320695,0.65882355,0.0,0,0
images,algfw_L-dcd_cosine_alpha100_G-sliced_wasserstein_euclidean_exponential_scale4_lambda0.4,dcd,cosine,,100.0,sliced_wasserstein,euclidean,exponential,4.0,0.4,12,0.6742568,0.6661952,0.020160694,0.6597796,0.0,0,0
images,algfw_L-dcd_manhattan_alpha10_G-centroid_manhattan_exponential_scale4_lambda0.6,dcd,manhattan,,10.0,centroid,manhattan,exponential,4.0,0.6,12,0.6742282,0.6666667,0.014236557,0.66436464,0.0,0,0
images,algfw_L-local_scaling_chebyshev_k1_G-gaussian_frechet_euclidean_gaussian_scale4_lambda0.9,local_scaling,chebyshev,1.0,,gaussian_frechet,euclidean,gaussian,4.0,0.9,12,0.67421645,0.667335,0.016101366,0.6652893,0.0,0,0
images,algfw_L-manifold_f1_cosine_k1_G-centroid_cosine_linear_scale4_lambda0.9,manifold_f1,cosine,1.0,,centroid,cosine,linear,4.0,0.9,12,0.6742142,0.6701349,0.011964991,0.6662116,0.0,0,0
images,algfw_L-dcd_cosine_alpha50_G-centroid_manhattan_gaussian_scale4_lambda0.8,dcd,cosine,,50.0,centroid,manhattan,gaussian,4.0,0.8,12,0.6742137,0.66599715,0.017570784,0.66039,0.0,0,0
images,algfw_L-dcd_cosine_alpha100_G-mmd_rbf_euclidean_exponential_scale0.25_lambda0.8,dcd,cosine,,100.0,mmd_rbf,euclidean,exponential,0.25,0.8,12,0.6741927,0.66529685,0.021302326,0.66190135,0.0,0,0
images,algfw_L-dcd_cosine_alpha100_G-centroid_cosine_linear_scale4_lambda0.9,dcd,cosine,,100.0,centroid,cosine,linear,4.0,0.9,12,0.67418265,0.6651032,0.018966421,0.6595136,0.0,0,0
images,algfw_L-dcd_cosine_alpha50_G-centroid_cosine_linear_scale4_lambda0.9,dcd,cosine,,50.0,centroid,cosine,linear,4.0,0.9,12,0.67417425,0.6657673,0.01862659,0.66158116,0.0,0,0
images,algfw_L-dcd_cosine_alpha100_G-energy_euclidean_gaussian_scale2_lambda0.6,dcd,cosine,,100.0,energy,euclidean,gaussian,2.0,0.6,12,0.6741683,0.66644657,0.018650366,0.6582456,0.0,0,0
images,algfw_L-dcd_cosine_alpha100_G-sliced_wasserstein_euclidean_affine_clipped_scale2_lambda0.7,dcd,cosine,,100.0,sliced_wasserstein,euclidean,affine_clipped,2.0,0.7,12,0.67416555,0.6662216,0.018839348,0.66126853,0.0,0,0
images,algfw_L-local_scaling_chebyshev_k5_G-mmd_rbf_euclidean_affine_clipped_scale1_lambda0.5,local_scaling,chebyshev,5.0,,mmd_rbf,euclidean,affine_clipped,1.0,0.5,12,0.6741652,0.66666603,0.016601045,0.66308725,0.0,0,0
images,algfw_L-local_scaling_chebyshev_k5_G-mmd_rbf_euclidean_logistic_scale2_lambda0.2,local_scaling,chebyshev,5.0,,mmd_rbf,euclidean,logistic,2.0,0.2,12,0.674165,0.66666603,0.016600063,0.6635199,0.0,0,0
images,algfw_L-local_scaling_chebyshev_k5_G-mmd_rbf_euclidean_affine_clipped_scale4_lambda0.2,local_scaling,chebyshev,5.0,,mmd_rbf,euclidean,affine_clipped,4.0,0.2,12,0.6741274,0.66666603,0.016626835,0.66308725,0.0,0,0
images,algfw_L-dcd_cosine_alpha100_G-mmd_rbf_euclidean_cauchy_scale0.25_lambda0.6,dcd,cosine,,100.0,mmd_rbf,euclidean,cauchy,0.25,0.6,12,0.6741109,0.66599715,0.019396894,0.6599424,0.0,0,0
images,algfw_L-local_scaling_chebyshev_k3_G-centroid_cosine_gaussian_scale4_lambda0.9,local_scaling,chebyshev,3.0,,centroid,cosine,gaussian,4.0,0.9,12,0.67411,0.6664437,0.018746682,0.66074073,0.0,0,0
images,algfw_L-local_scaling_chebyshev_k5_G-mmd_rbf_euclidean_rational_scale4_lambda0.2,local_scaling,chebyshev,5.0,,mmd_rbf,euclidean,rational,4.0,0.2,12,0.6741071,0.66620594,0.017459502,0.66072655,0.0,0,0
images,algfw_L-dcd_cosine_alpha100_G-sliced_wasserstein_euclidean_exponential_scale2_lambda0.7,dcd,cosine,,100.0,sliced_wasserstein,euclidean,exponential,2.0,0.7,12,0.67409945,0.6659994,0.02122645,0.65676075,0.0,0,0
images,algfw_L-dcd_cosine_alpha100_G-mmd_rbf_euclidean_logistic_scale0.5_lambda0.6,dcd,cosine,,100.0,mmd_rbf,euclidean,logistic,0.5,0.6,12,0.6740907,0.6666665,0.018510329,0.65767044,0.0,0,0
images,algfw_L-dcd_cosine_alpha100_G-sliced_wasserstein_euclidean_cauchy_scale2_lambda0.5,dcd,cosine,,100.0,sliced_wasserstein,euclidean,cauchy,2.0,0.5,12,0.6740897,0.6662216,0.019306913,0.65932554,0.0,0,0
images,algfw_L-dcd_cosine_alpha100_G-mmd_rbf_euclidean_exponential_scale0.5_lambda0.7,dcd,cosine,,100.0,mmd_rbf,euclidean,exponential,0.5,0.7,12,0.6740866,0.66555226,0.019782547,0.66,0.0,0,0
images,algfw_L-local_scaling_chebyshev_k5_G-mmd_rbf_euclidean_exponential_scale4_lambda0.2,local_scaling,chebyshev,5.0,,mmd_rbf,euclidean,exponential,4.0,0.2,12,0.6740859,0.66620594,0.01723655,0.6631737,0.0,0,0
images,algfw_L-dcd_cosine_alpha100_G-energy_euclidean_gaussian_scale1_lambda0.8,dcd,cosine,,100.0,energy,euclidean,gaussian,1.0,0.8,12,0.67408514,0.6657748,0.019295642,0.65882355,0.0,0,0
images,algfw_L-dcd_cosine_alpha50_G-centroid_cosine_rational_scale4_lambda0.9,dcd,cosine,,50.0,centroid,cosine,rational,4.0,0.9,12,0.67408365,0.6659917,0.016742857,0.6634282,0.0,0,0
images,algfw_L-local_scaling_chebyshev_k5_G-mmd_rbf_euclidean_affine_clipped_scale2_lambda0.4,local_scaling,chebyshev,5.0,,mmd_rbf,euclidean,affine_clipped,2.0,0.4,12,0.67407006,0.6668891,0.017116785,0.659808,0.0,0,0
images,algfw_L-dcd_manhattan_alpha50_G-centroid_manhattan_gaussian_scale2_lambda0.7,dcd,manhattan,,50.0,centroid,manhattan,gaussian,2.0,0.7,12,0.6740649,0.6671293,0.011284626,0.66436464,0.0,0,0
images,algfw_L-dcd_cosine_alpha100_G-mmd_rbf_euclidean_rational_scale2_lambda0.4,dcd,cosine,,100.0,mmd_rbf,euclidean,rational,2.0,0.4,12,0.6740594,0.6666665,0.01872082,0.6586402,0.0,0,0
images,algfw_L-local_scaling_chebyshev_k5_G-mmd_rbf_euclidean_affine_clipped_scale2_lambda0.5,local_scaling,chebyshev,5.0,,mmd_rbf,euclidean,affine_clipped,2.0,0.5,12,0.6740232,0.6671186,0.0149426805,0.6612022,0.0,0,0
images,algfw_L-local_scaling_chebyshev_k5_G-mmd_rbf_euclidean_logistic_scale4_lambda0.2,local_scaling,chebyshev,5.0,,mmd_rbf,euclidean,logistic,4.0,0.2,12,0.6740232,0.6671186,0.0149426805,0.6612022,0.0,0,0
images,algfw_L-dcd_cosine_alpha100_G-sliced_wasserstein_euclidean_rational_scale0.25_lambda0.7,dcd,cosine,,100.0,sliced_wasserstein,euclidean,rational,0.25,0.7,12,0.67401737,0.6659994,0.021279426,0.6544715,0.0,0,0
images,algfw_L-manifold_f1_cosine_k1_G-centroid_cosine_exponential_scale0.25_lambda0.8,manifold_f1,cosine,1.0,,centroid,cosine,exponential,0.25,0.8,12,0.6740079,0.6700976,0.011012069,0.66232824,0.0,0,0
images,algfw_L-dcd_cosine_alpha100_G-centroid_manhattan_cauchy_scale4_lambda0.9,dcd,cosine,,100.0,centroid,manhattan,cauchy,4.0,0.9,12,0.6740015,0.6657772,0.020546969,0.65766376,0.0,0,0
images,algfw_L-dcd_cosine_alpha100_G-sliced_wasserstein_euclidean_rational_scale1_lambda0.6,dcd,cosine,,100.0,sliced_wasserstein,euclidean,rational,1.0,0.6,12,0.67399263,0.6659906,0.020362955,0.6603774,0.0,0,0
images,algfw_L-local_scaling_chebyshev_k5_G-mmd_rbf_euclidean_logistic_scale0.5_lambda0.6,local_scaling,chebyshev,5.0,,mmd_rbf,euclidean,logistic,0.5,0.6,12,0.6739916,0.6659981,0.016835952,0.6603131,0.0,0,0
images,algfw_L-local_scaling_chebyshev_k1_G-sliced_wasserstein_euclidean_cauchy_scale4_lambda0.4,local_scaling,chebyshev,1.0,,sliced_wasserstein,euclidean,cauchy,4.0,0.4,12,0.6739845,0.66621065,0.017089391,0.66399467,0.0,0,0
images,algfw_L-dcd_cosine_alpha100_G-sliced_wasserstein_euclidean_rational_scale0.5_lambda0.7,dcd,cosine,,100.0,sliced_wasserstein,euclidean,rational,0.5,0.7,12,0.67397887,0.6662216,0.02158268,0.6557377,0.0,0,0
images,algfw_L-dcd_cosine_alpha100_G-mmd_rbf_euclidean_gaussian_scale0.25_lambda0.5,dcd,cosine,,100.0,mmd_rbf,euclidean,gaussian,0.25,0.5,12,0.6739783,0.6664443,0.01853284,0.6626181,0.0,0,0
images,algfw_L-dcd_cosine_alpha100_G-mmd_rbf_euclidean_logistic_scale0.5_lambda0.5,dcd,cosine,,100.0,mmd_rbf,euclidean,logistic,0.5,0.5,12,0.6739714,0.66532826,0.020965949,0.66129035,0.0,0,0
images,algfw_L-dcd_cosine_alpha100_G-sliced_wasserstein_euclidean_logistic_scale2_lambda0.5,dcd,cosine,,100.0,sliced_wasserstein,euclidean,logistic,2.0,0.5,12,0.6739661,0.6659994,0.020635411,0.6588408,0.0,0,0
images,algfw_L-dcd_euclidean_alpha10_G-centroid_manhattan_gaussian_scale2_lambda0.7,dcd,euclidean,,10.0,centroid,manhattan,gaussian,2.0,0.7,12,0.67396474,0.66831815,0.014685962,0.66399467,0.0,0,0
images,algfw_L-local_scaling_chebyshev_k5_G-mmd_rbf_euclidean_cauchy_scale0.5_lambda0.3,local_scaling,chebyshev,5.0,,mmd_rbf,euclidean,cauchy,0.5,0.3,12,0.67394763,0.66621894,0.015585159,0.6630212,0.0,0,0
images,algfw_L-dcd_cosine_alpha100_G-sliced_wasserstein_euclidean_logistic_scale4_lambda0.3,dcd,cosine,,100.0,sliced_wasserstein,euclidean,logistic,4.0,0.3,12,0.67394716,0.6659994,0.020124653,0.660702,0.0,0,0
images,algfw_L-dcd_cosine_alpha100_G-mmd_rbf_euclidean_rational_scale4_lambda0.2,dcd,cosine,,100.0,mmd_rbf,euclidean,rational,4.0,0.2,12,0.6739456,0.6653144,0.02127494,0.66129035,0.0,0,0
images,algfw_L-local_scaling_cosine_k1_G-centroid_cosine_cauchy_scale2_lambda0.9,local_scaling,cosine,1.0,,centroid,cosine,cauchy,2.0,0.9,12,0.67393637,0.668502,0.016388288,0.66211605,0.0,0,0
images,algfw_L-dcd_cosine_alpha50_G-sliced_wasserstein_euclidean_cauchy_scale0.25_lambda0.8,dcd,cosine,,50.0,sliced_wasserstein,euclidean,cauchy,0.25,0.8,12,0.67392486,0.6648779,0.021395123,0.6583026,0.0,0,0
images,algfw_L-dcd_cosine_alpha100_G-mmd_rbf_euclidean_cauchy_scale0.25_lambda0.5,dcd,cosine,,100.0,mmd_rbf,euclidean,cauchy,0.25,0.5,12,0.6739171,0.6666665,0.017267961,0.6605375,0.0,0,0
images,algfw_L-dcd_euclidean_alpha10_G-centroid_manhattan_cauchy_scale4_lambda0.6,dcd,euclidean,,10.0,centroid,manhattan,cauchy,4.0,0.6,12,0.6739151,0.6659994,0.015715603,0.6630137,0.0,0,0
openml,algfw_L-dcd_cosine_alpha100_G-mmd_rbf_euclidean_rational_scale0.25_lambda0.5,dcd,cosine,,100.0,mmd_rbf,euclidean,rational,0.25,0.5,57,0.8801848,0.90856594,0.10911465,0.6600985,0.0,0,0
openml,algfw_L-dcd_cosine_alpha100_G-mmd_rbf_euclidean_rational_scale0.5_lambda0.4,dcd,cosine,,100.0,mmd_rbf,euclidean,rational,0.5,0.4,57,0.8800497,0.906641,0.1090531,0.6600985,0.0,0,0
openml,algfw_L-dcd_cosine_alpha50_G-mmd_rbf_euclidean_rational_scale0.5_lambda0.4,dcd,cosine,,50.0,mmd_rbf,euclidean,rational,0.5,0.4,57,0.88000643,0.9062802,0.10875491,0.6631016,0.0,0,0
openml,algfw_L-dcd_cosine_alpha50_G-mmd_rbf_euclidean_exponential_scale1_lambda0.3,dcd,cosine,,50.0,mmd_rbf,euclidean,exponential,1.0,0.3,57,0.87998027,0.9042969,0.10877913,0.6631016,0.0,0,0
openml,algfw_L-dcd_cosine_alpha100_G-mmd_rbf_euclidean_logistic_scale4_lambda0.1,dcd,cosine,,100.0,mmd_rbf,euclidean,logistic,4.0,0.1,57,0.8798691,0.9022265,0.11034521,0.6586742,0.0,0,0
openml,algfw_L-dcd_cosine_alpha50_G-mmd_rbf_euclidean_rational_scale0.25_lambda0.5,dcd,cosine,,50.0,mmd_rbf,euclidean,rational,0.25,0.5,57,0.87986225,0.9034146,0.10931324,0.6631016,0.0,0,0
openml,algfw_L-dcd_cosine_alpha100_G-mmd_rbf_euclidean_affine_clipped_scale0.5_lambda0.6,dcd,cosine,,100.0,mmd_rbf,euclidean,affine_clipped,0.5,0.6,57,0.8796828,0.8988327,0.109772876,0.6586742,0.0,0,0
openml,algfw_L-dcd_cosine_alpha100_G-mmd_rbf_euclidean_exponential_scale2_lambda0.3,dcd,cosine,,100.0,mmd_rbf,euclidean,exponential,2.0,0.3,57,0.8796824,0.9011628,0.110605545,0.65961945,0.0,0,0
openml,algfw_L-dcd_cosine_alpha50_G-mmd_rbf_euclidean_rational_scale0.5_lambda0.5,dcd,cosine,,50.0,mmd_rbf,euclidean,rational,0.5,0.5,57,0.8796799,0.9015444,0.10979093,0.6631016,0.0,0,0
openml,algfw_L-dcd_cosine_alpha50_G-mmd_rbf_euclidean_rational_scale0.25_lambda0.6,dcd,cosine,,50.0,mmd_rbf,euclidean,rational,0.25,0.6,57,0.8796643,0.90135396,0.11005705,0.6631016,0.0,0,0
openml,algfw_L-dcd_cosine_alpha100_G-mmd_rbf_euclidean_rational_scale4_lambda0.1,dcd,cosine,,100.0,mmd_rbf,euclidean,rational,4.0,0.1,57,0.87965417,0.9057692,0.10877368,0.65960455,0.0,0,0
openml,algfw_L-dcd_cosine_alpha100_G-mmd_rbf_euclidean_cauchy_scale0.25_lambda0.6,dcd,cosine,,100.0,mmd_rbf,euclidean,cauchy,0.25,0.6,57,0.8796328,0.8989413,0.109301835,0.6586742,0.0,0,0
openml,algfw_L-dcd_cosine_alpha100_G-mmd_rbf_euclidean_gaussian_scale0.5_lambda0.3,dcd,cosine,,100.0,mmd_rbf,euclidean,gaussian,0.5,0.3,57,0.8796299,0.90208334,0.1098993,0.65915495,0.0,0,0
openml,algfw_L-local_scaling_euclidean_k3_G-mmd_rbf_euclidean_exponential_scale0.5_lambda0.4,local_scaling,euclidean,3.0,,mmd_rbf,euclidean,exponential,0.5,0.4,57,0.87960637,0.9191322,0.10858507,0.66354513,0.0,0,0
openml,algfw_L-dcd_cosine_alpha100_G-mmd_rbf_euclidean_rational_scale2_lambda0.2,dcd,cosine,,100.0,mmd_rbf,euclidean,rational,2.0,0.2,57,0.8796029,0.8962173,0.10940813,0.6586742,0.0,0,0
openml,algfw_L-dcd_cosine_alpha100_G-mmd_rbf_euclidean_logistic_scale0.5_lambda0.4,dcd,cosine,,100.0,mmd_rbf,euclidean,logistic,0.5,0.4,57,0.87957513,0.8984674,0.10933418,0.6586742,0.0,0,0
openml,algfw_L-dcd_cosine_alpha100_G-mmd_rbf_euclidean_logistic_scale1_lambda0.2,dcd,cosine,,100.0,mmd_rbf,euclidean,logistic,1.0,0.2,57,0.87956303,0.9008662,0.10934849,0.6581741,0.0,0,0
openml,algfw_L-dcd_cosine_alpha50_G-mmd_rbf_euclidean_rational_scale1_lambda0.4,dcd,cosine,,50.0,mmd_rbf,euclidean,rational,1.0,0.4,57,0.8795533,0.9029622,0.10951671,0.6631016,0.0,0,0
openml,algfw_L-local_scaling_euclidean_k5_G-mmd_rbf_euclidean_exponential_scale0.25_lambda0.6,local_scaling,euclidean,5.0,,mmd_rbf,euclidean,exponential,0.25,0.6,57,0.8795295,0.9188661,0.10927635,0.6644385,0.0001315962626661403,0,1
openml,algfw_L-dcd_cosine_alpha50_G-mmd_rbf_euclidean_rational_scale4_lambda0.1,dcd,cosine,,50.0,mmd_rbf,euclidean,rational,4.0,0.1,57,0.8795238,0.90786946,0.10879652,0.6631016,0.0,0,0
openml,algfw_L-dcd_cosine_alpha100_G-mmd_rbf_euclidean_gaussian_scale0.25_lambda0.5,dcd,cosine,,100.0,mmd_rbf,euclidean,gaussian,0.25,0.5,57,0.8795199,0.9,0.108927704,0.6586742,0.0,0,0
openml,algfw_L-dcd_cosine_alpha100_G-mmd_rbf_euclidean_rational_scale1_lambda0.4,dcd,cosine,,100.0,mmd_rbf,euclidean,rational,1.0,0.4,57,0.87950504,0.8997079,0.110341944,0.6586742,0.0,0,0
openml,algfw_L-dcd_cosine_alpha100_G-mmd_rbf_euclidean_logistic_scale0.25_lambda0.6,dcd,cosine,,100.0,mmd_rbf,euclidean,logistic,0.25,0.6,57,0.87949395,0.8997079,0.110049084,0.6586742,0.0,0,0
openml,algfw_L-dcd_cosine_alpha50_G-mmd_rbf_euclidean_cauchy_scale0.25_lambda0.6,dcd,cosine,,50.0,mmd_rbf,euclidean,cauchy,0.25,0.6,57,0.8794937,0.89939636,0.10958954,0.6631016,0.0,0,0
openml,algfw_L-dcd_cosine_alpha100_G-mmd_rbf_euclidean_gaussian_scale1_lambda0.1,dcd,cosine,,100.0,mmd_rbf,euclidean,gaussian,1.0,0.1,57,0.8794861,0.9006211,0.10991131,0.65915495,0.0,0,0
openml,algfw_L-dcd_cosine_alpha100_G-mmd_rbf_euclidean_affine_clipped_scale0.5_lambda0.5,dcd,cosine,,100.0,mmd_rbf,euclidean,affine_clipped,0.5,0.5,57,0.8794846,0.9008662,0.1093868,0.6581741,0.0,0,0
openml,algfw_L-dcd_cosine_alpha100_G-mmd_rbf_euclidean_affine_clipped_scale2_lambda0.2,dcd,cosine,,100.0,mmd_rbf,euclidean,affine_clipped,2.0,0.2,57,0.8794846,0.9008662,0.1093868,0.6581741,0.0,0,0
openml,algfw_L-dcd_cosine_alpha50_G-mmd_rbf_euclidean_logistic_scale0.25_lambda0.6,dcd,cosine,,50.0,mmd_rbf,euclidean,logistic,0.25,0.6,57,0.8794805,0.90384614,0.1096079,0.6631016,0.0,0,0
openml,algfw_L-dcd_cosine_alpha100_G-mmd_rbf_euclidean_cauchy_scale0.5_lambda0.4,dcd,cosine,,100.0,mmd_rbf,euclidean,cauchy,0.5,0.4,57,0.8794764,0.907195,0.11015403,0.65961945,0.0,0,0
openml,algfw_L-local_scaling_euclidean_k5_G-mmd_rbf_euclidean_exponential_scale0.5_lambda0.5,local_scaling,euclidean,5.0,,mmd_rbf,euclidean,exponential,0.5,0.5,57,0.8794746,0.91495603,0.10847594,0.6644385,0.0001315962626661403,0,1
openml,algfw_L-dcd_cosine_alpha50_G-mmd_rbf_euclidean_exponential_scale1_lambda0.4,dcd,cosine,,50.0,mmd_rbf,euclidean,exponential,1.0,0.4,57,0.8794737,0.9,0.10980464,0.6631016,0.0,0,0
openml,algfw_L-dcd_cosine_alpha100_G-mmd_rbf_euclidean_exponential_scale4_lambda0.1,dcd,cosine,,100.0,mmd_rbf,euclidean,exponential,4.0,0.1,57,0.87947255,0.9087416,0.10890153,0.66007066,0.0,0,0
openml,algfw_L-dcd_cosine_alpha50_G-mmd_rbf_euclidean_cauchy_scale1_lambda0.1,dcd,cosine,,50.0,mmd_rbf,euclidean,cauchy,1.0,0.1,57,0.8794693,0.897541,0.107912295,0.66220737,0.0,0,0
openml,algfw_L-dcd_cosine_alpha100_G-mmd_rbf_euclidean_exponential_scale2_lambda0.2,dcd,cosine,,100.0,mmd_rbf,euclidean,exponential,2.0,0.2,57,0.87945396,0.89780325,0.109144025,0.6586742,0.0,0,0
openml,algfw_L-dcd_cosine_alpha100_G-mmd_rbf_euclidean_exponential_scale0.25_lambda0.6,dcd,cosine,,100.0,mmd_rbf,euclidean,exponential,0.25,0.6,57,0.8794367,0.8962173,0.109445766,0.6586742,0.0,0,0
openml,algfw_L-dcd_cosine_alpha100_G-mmd_rbf_euclidean_exponential_scale4_lambda0.2,dcd,cosine,,100.0,mmd_rbf,euclidean,exponential,4.0,0.2,57,0.8794252,0.907195,0.11132223,0.65961945,0.0,0,0
openml,algfw_L-dcd_cosine_alpha100_G-mmd_rbf_euclidean_exponential_scale1_lambda0.3,dcd,cosine,,100.0,mmd_rbf,euclidean,exponential,1.0,0.3,57,0.8794156,0.906641,0.109101765,0.65960455,0.0,0,0
openml,algfw_L-dcd_cosine_alpha100_G-mmd_rbf_euclidean_rational_scale1_lambda0.3,dcd,cosine,,100.0,mmd_rbf,euclidean,rational,1.0,0.3,57,0.8794134,0.90735435,0.109603465,0.6586742,0.0,0,0
openml,algfw_L-dcd_cosine_alpha50_G-mmd_rbf_euclidean_exponential_scale2_lambda0.2,dcd,cosine,,50.0,mmd_rbf,euclidean,exponential,2.0,0.2,57,0.8794131,0.8982387,0.109158255,0.6631016,0.0,0,0
openml,algfw_L-dcd_cosine_alpha50_G-mmd_rbf_euclidean_exponential_scale0.25_lambda0.7,dcd,cosine,,50.0,mmd_rbf,euclidean,exponential,0.25,0.7,57,0.8793932,0.9033571,0.10937299,0.6631016,0.0,0,0
openml,algfw_L-dcd_cosine_alpha100_G-mmd_rbf_euclidean_affine_clipped_scale2_lambda0.3,dcd,cosine,,100.0,mmd_rbf,euclidean,affine_clipped,2.0,0.3,57,0.8793887,0.9016553,0.11021347,0.6586742,0.0,0,0
openml,algfw_L-dcd_cosine_alpha100_G-mmd_rbf_euclidean_gaussian_scale0.25_lambda0.6,dcd,cosine,,100.0,mmd_rbf,euclidean,gaussian,0.25,0.6,57,0.87938166,0.90491116,0.110282406,0.65961945,0.0,0,0
openml,algfw_L-local_scaling_euclidean_k3_G-mmd_rbf_euclidean_rational_scale0.25_lambda0.5,local_scaling,euclidean,3.0,,mmd_rbf,euclidean,rational,0.25,0.5,57,0.87937814,0.91796875,0.108879976,0.6644385,0.0001315962626661403,0,1
openml,algfw_L-dcd_cosine_alpha100_G-mmd_rbf_euclidean_rational_scale0.25_lambda0.6,dcd,cosine,,100.0,mmd_rbf,euclidean,rational,0.25,0.6,57,0.87937397,0.8995215,0.11005401,0.6586742,0.0,0,0
openml,algfw_L-dcd_cosine_alpha50_G-mmd_rbf_euclidean_rational_scale1_lambda0.3,dcd,cosine,,50.0,mmd_rbf,euclidean,rational,1.0,0.3,57,0.87936556,0.9001957,0.10906642,0.6631016,0.0,0,0
openml,algfw_L-dcd_cosine_alpha50_G-mmd_rbf_euclidean_exponential_scale0.25_lambda0.6,dcd,cosine,,50.0,mmd_rbf,euclidean,exponential,0.25,0.6,57,0.87934875,0.89808273,0.10959456,0.6631016,0.0,0,0
openml,algfw_L-dcd_cosine_alpha100_G-mmd_rbf_euclidean_logistic_scale1_lambda0.3,dcd,cosine,,100.0,mmd_rbf,euclidean,logistic,1.0,0.3,57,0.8793452,0.900097,0.11024061,0.6586742,0.0,0,0
openml,algfw_L-local_scaling_euclidean_k3_G-mmd_rbf_euclidean_rational_scale4_lambda0.1,local_scaling,euclidean,3.0,,mmd_rbf,euclidean,rational,4.0,0.1,57,0.87934047,0.92261904,0.10889537,0.66354513,0.0,0,0
openml,algfw_L-dcd_cosine_alpha100_G-mmd_rbf_euclidean_exponential_scale0.25_lambda0.7,dcd,cosine,,100.0,mmd_rbf,euclidean,exponential,0.25,0.7,57,0.87933636,0.9037901,0.11060427,0.6586742,0.0,0,0
openml,algfw_L-dcd_cosine_alpha50_G-mmd_rbf_euclidean_logistic_scale0.25_lambda0.5,dcd,cosine,,50.0,mmd_rbf,euclidean,logistic,0.25,0.5,57,0.8793319,0.8991185,0.109399706,0.6631016,0.0,0,0
openml,algfw_L-dcd_cosine_alpha100_G-mmd_rbf_euclidean_logistic_scale0.5_lambda0.5,dcd,cosine,,100.0,mmd_rbf,euclidean,logistic,0.5,0.5,57,0.87931263,0.907195,0.11130947,0.65961945,0.0,0,0
openml,algfw_L-dcd_cosine_alpha50_G-mmd_rbf_euclidean_affine_clipped_scale0.5_lambda0.5,dcd,cosine,,50.0,mmd_rbf,euclidean,affine_clipped,0.5,0.5,57,0.8793106,0.9001957,0.10887874,0.6631016,0.0,0,0
openml,algfw_L-dcd_cosine_alpha50_G-mmd_rbf_euclidean_affine_clipped_scale2_lambda0.2,dcd,cosine,,50.0,mmd_rbf,euclidean,affine_clipped,2.0,0.2,57,0.8793106,0.9001957,0.10887874,0.6631016,0.0,0,0
openml,algfw_L-dcd_cosine_alpha100_G-mmd_rbf_euclidean_logistic_scale0.25_lambda0.5,dcd,cosine,,100.0,mmd_rbf,euclidean,logistic,0.25,0.5,57,0.87929296,0.8981571,0.10944789,0.6586742,0.0,0,0
openml,algfw_L-dcd_cosine_alpha50_G-mmd_rbf_euclidean_affine_clipped_scale0.5_lambda0.6,dcd,cosine,,50.0,mmd_rbf,euclidean,affine_clipped,0.5,0.6,57,0.8792901,0.90224034,0.10954384,0.6631016,0.0,0,0
openml,algfw_L-local_scaling_euclidean_k3_G-mmd_rbf_euclidean_rational_scale2_lambda0.2,local_scaling,euclidean,3.0,,mmd_rbf,euclidean,rational,2.0,0.2,57,0.8792835,0.9126984,0.107930176,0.6644385,0.0,0,0
openml,algfw_L-local_scaling_euclidean_k3_G-mmd_rbf_euclidean_exponential_scale1_lambda0.3,local_scaling,euclidean,3.0,,mmd_rbf,euclidean,exponential,1.0,0.3,57,0.87927526,0.9227723,0.10909122,0.6644385,0.0,0,0
openml,algfw_L-dcd_cosine_alpha100_G-mmd_rbf_euclidean_logistic_scale2_lambda0.2,dcd,cosine,,100.0,mmd_rbf,euclidean,logistic,2.0,0.2,57,0.8792738,0.907195,0.11116796,0.65961945,0.0,0,0
openml,algfw_L-dcd_cosine_alpha50_G-mmd_rbf_euclidean_cauchy_scale0.5_lambda0.3,dcd,cosine,,50.0,mmd_rbf,euclidean,cauchy,0.5,0.3,57,0.8792735,0.8977505,0.108696304,0.6631016,0.0,0,0
openml,algfw_L-dcd_cosine_alpha100_G-mmd_rbf_euclidean_rational_scale2_lambda0.3,dcd,cosine,,100.0,mmd_rbf,euclidean,rational,2.0,0.3,57,0.8792703,0.90203685,0.110549405,0.65961945,0.0,0,0
openml,algfw_L-dcd_cosine_alpha100_G-mmd_rbf_euclidean_affine_clipped_scale1_lambda0.4,dcd,cosine,,100.0,mmd_rbf,euclidean,affine_clipped,1.0,0.4,57,0.8792665,0.8984674,0.10930657,0.6586742,0.0,0,0
openml,algfw_L-dcd_cosine_alpha50_G-mmd_rbf_euclidean_logistic_scale1_lambda0.2,dcd,cosine,,50.0,mmd_rbf,euclidean,logistic,1.0,0.2,57,0.87926275,0.9001957,0.10884488,0.6631016,0.0,0,0
openml,algfw_L-dcd_cosine_alpha50_G-mmd_rbf_euclidean_logistic_scale0.5_lambda0.4,dcd,cosine,,50.0,mmd_rbf,euclidean,logistic,0.5,0.4,57,0.8792535,0.8982726,0.109702006,0.6631016,0.0,0,0
openml,algfw_L-dcd_cosine_alpha50_G-mmd_rbf_euclidean_affine_clipped_scale1_lambda0.4,dcd,cosine,,50.0,mmd_rbf,euclidean,affine_clipped,1.0,0.4,57,0.87924796,0.8982726,0.109718755,0.6631016,0.0,0,0
openml,algfw_L-local_scaling_euclidean_k5_G-mmd_rbf_euclidean_affine_clipped_scale1_lambda0.4,local_scaling,euclidean,5.0,,mmd_rbf,euclidean,affine_clipped,1.0,0.4,57,0.8792429,0.91283053,0.10882881,0.6644385,0.0001315962626661403,0,1
openml,algfw_L-dcd_cosine_alpha100_G-mmd_rbf_euclidean_rational_scale4_lambda0.2,dcd,cosine,,100.0,mmd_rbf,euclidean,rational,4.0,0.2,57,0.87922823,0.9026178,0.1111274,0.65961945,0.0,0,0
openml,algfw_L-dcd_cosine_alpha100_G-mmd_rbf_euclidean_rational_scale0.5_lambda0.5,dcd,cosine,,100.0,mmd_rbf,euclidean,rational,0.5,0.5,57,0.87922645,0.8995215,0.109973624,0.6586742,0.0,0,0
openml,algfw_L-dcd_cosine_alpha100_G-mmd_rbf_euclidean_exponential_scale0.5_lambda0.6,dcd,cosine,,100.0,mmd_rbf,euclidean,exponential,0.5,0.6,57,0.87921834,0.9029126,0.11060709,0.65961945,0.0,0,0
openml,algfw_L-dcd_cosine_alpha100_G-mmd_rbf_euclidean_affine_clipped_scale1_lambda0.5,dcd,cosine,,100.0,mmd_rbf,euclidean,affine_clipped,1.0,0.5,57,0.8791707,0.907195,0.111144766,0.65961945,0.0,0,0
openml,algfw_L-dcd_cosine_alpha100_G-mmd_rbf_euclidean_affine_clipped_scale4_lambda0.2,dcd,cosine,,100.0,mmd_rbf,euclidean,affine_clipped,4.0,0.2,57,0.8791707,0.907195,0.111144766,0.65961945,0.0,0,0
openml,algfw_L-local_scaling_euclidean_k3_G-mmd_rbf_euclidean_exponential_scale4_lambda0.1,local_scaling,euclidean,3.0,,mmd_rbf,euclidean,exponential,4.0,0.1,57,0.8791667,0.9227723,0.108808644,0.66354513,0.0,0,0
openml,algfw_L-dcd_cosine_alpha100_G-mmd_rbf_euclidean_gaussian_scale0.5_lambda0.2,dcd,cosine,,100.0,mmd_rbf,euclidean,gaussian,0.5,0.2,57,0.879151,0.8995122,0.109190606,0.6581741,0.0,0,0
openml,algfw_L-dcd_cosine_alpha100_G-mmd_rbf_euclidean_cauchy_scale0.25_lambda0.7,dcd,cosine,,100.0,mmd_rbf,euclidean,cauchy,0.25,0.7,57,0.8791497,0.907195,0.11125449,0.65961945,0.0,0,0
openml,algfw_L-dcd_cosine_alpha50_G-mmd_rbf_euclidean_logistic_scale0.5_lambda0.3,dcd,cosine,,50.0,mmd_rbf,euclidean,logistic,0.5,0.3,57,0.87914014,0.90751445,0.108395405,0.6631016,0.0,0,0
openml,algfw_L-local_scaling_euclidean_k3_G-mmd_rbf_euclidean_affine_clipped_scale0.5_lambda0.5,local_scaling,euclidean,3.0,,mmd_rbf,euclidean,affine_clipped,0.5,0.5,57,0.879136,0.9180991,0.10880913,0.6644385,0.0,0,0
openml,algfw_L-local_scaling_euclidean_k3_G-mmd_rbf_euclidean_affine_clipped_scale2_lambda0.2,local_scaling,euclidean,3.0,,mmd_rbf,euclidean,affine_clipped,2.0,0.2,57,0.879136,0.9180991,0.10880913,0.6644385,0.0,0,0
openml,algfw_L-dcd_cosine_alpha50_G-mmd_rbf_euclidean_exponential_scale0.5_lambda0.5,dcd,cosine,,50.0,mmd_rbf,euclidean,exponential,0.5,0.5,57,0.8791346,0.89837396,0.110375226,0.6631016,0.0,0,0
openml,algfw_L-dcd_cosine_alpha50_G-mmd_rbf_euclidean_affine_clipped_scale2_lambda0.3,dcd,cosine,,50.0,mmd_rbf,euclidean,affine_clipped,2.0,0.3,57,0.8791341,0.90927625,0.10973796,0.66200465,0.0,0,0
openml,algfw_L-local_scaling_euclidean_k5_G-mmd_rbf_euclidean_rational_scale0.25_lambda0.6,local_scaling,euclidean,5.0,,mmd_rbf,euclidean,rational,0.25,0.6,57,0.8791274,0.91,0.108985744,0.6644385,0.0001315962626661403,0,1
openml,algfw_L-dcd_cosine_alpha100_G-mmd_rbf_euclidean_exponential_scale0.5_lambda0.5,dcd,cosine,,100.0,mmd_rbf,euclidean,exponential,0.5,0.5,57,0.8791163,0.8963532,0.10957764,0.6586742,0.0,0,0
openml,algfw_L-dcd_cosine_alpha100_G-mmd_rbf_euclidean_exponential_scale1_lambda0.4,dcd,cosine,,100.0,mmd_rbf,euclidean,exponential,1.0,0.4,57,0.87910557,0.8995215,0.10990426,0.6586742,0.0,0,0
openml,algfw_L-dcd_cosine_alpha50_G-mmd_rbf_euclidean_logistic_scale1_lambda0.3,dcd,cosine,,50.0,mmd_rbf,euclidean,logistic,1.0,0.3,57,0.879102,0.90927625,0.109743245,0.66200465,0.0,0,0
openml,algfw_L-dcd_cosine_alpha100_G-mmd_rbf_euclidean_affine_clipped_scale0.25_lambda0.8,dcd,cosine,,100.0,mmd_rbf,euclidean,affine_clipped,0.25,0.8,57,0.8790899,0.907195,0.111090094,0.65961945,0.0,0,0
openml,algfw_L-local_scaling_euclidean_k3_G-mmd_rbf_euclidean_logistic_scale1_lambda0.2,local_scaling,euclidean,3.0,,mmd_rbf,euclidean,logistic,1.0,0.2,57,0.8790893,0.9182644,0.10882487,0.6644385,0.0,0,0
openml,algfw_L-local_scaling_manhattan_k5_G-mmd_rbf_euclidean_rational_scale4_lambda0.1,local_scaling,manhattan,5.0,,mmd_rbf,euclidean,rational,4.0,0.1,57,0.87907267,0.9161677,0.10810234,0.6629834,0.0001315962626661403,0,1
openml,algfw_L-dcd_cosine_alpha100_G-mmd_rbf_euclidean_cauchy_scale0.5_lambda0.3,dcd,cosine,,100.0,mmd_rbf,euclidean,cauchy,0.5,0.3,57,0.8790638,0.8949416,0.10867089,0.6581741,0.0,0,0
openml,algfw_L-dcd_cosine_alpha50_G-mmd_rbf_euclidean_cauchy_scale0.25_lambda0.5,dcd,cosine,,50.0,mmd_rbf,euclidean,cauchy,0.25,0.5,57,0.8790516,0.9060987,0.10793262,0.66220737,0.0,0,0
openml,algfw_L-local_scaling_manhattan_k5_G-mmd_rbf_euclidean_exponential_scale1_lambda0.3,local_scaling,manhattan,5.0,,mmd_rbf,euclidean,exponential,1.0,0.3,57,0.87904704,0.9161677,0.10855747,0.6629834,0.0001315962626661403,0,1
openml,algfw_L-local_scaling_euclidean_k3_G-mmd_rbf_euclidean_affine_clipped_scale4_lambda0.1,local_scaling,euclidean,3.0,,mmd_rbf,euclidean,affine_clipped,4.0,0.1,57,0.8790441,0.9207921,0.10885788,0.6644385,0.0,0,0
openml,algfw_L-local_scaling_euclidean_k3_G-mmd_rbf_euclidean_logistic_scale2_lambda0.1,local_scaling,euclidean,3.0,,mmd_rbf,euclidean,logistic,2.0,0.1,57,0.87903523,0.9207921,0.10887519,0.6644385,0.0,0,0
openml,algfw_L-dcd_cosine_alpha50_G-mmd_rbf_euclidean_gaussian_scale0.25_lambda0.5,dcd,cosine,,50.0,mmd_rbf,euclidean,gaussian,0.25,0.5,57,0.87901056,0.90625,0.109250166,0.6631016,0.0,0,0
openml,algfw_L-dcd_cosine_alpha100_G-mmd_rbf_euclidean_logistic_scale2_lambda0.1,dcd,cosine,,100.0,mmd_rbf,euclidean,logistic,2.0,0.1,57,0.8790052,0.9076923,0.10892709,0.66007066,0.0,0,0
openml,algfw_L-dcd_cosine_alpha50_G-mmd_rbf_euclidean_exponential_scale0.5_lambda0.6,dcd,cosine,,50.0,mmd_rbf,euclidean,exponential,0.5,0.6,57,0.8789991,0.910387,0.11007371,0.6631016,0.0,0,0
openml,algfw_L-local_scaling_euclidean_k3_G-mmd_rbf_euclidean_exponential_scale2_lambda0.2,local_scaling,euclidean,3.0,,mmd_rbf,euclidean,exponential,2.0,0.2,57,0.8789952,0.91182363,0.10816771,0.6644385,0.0,0,0
openml,algfw_L-dcd_cosine_alpha100_G-mmd_rbf_euclidean_affine_clipped_scale4_lambda0.1,dcd,cosine,,100.0,mmd_rbf,euclidean,affine_clipped,4.0,0.1,57,0.87899077,0.9076923,0.108852096,0.66007066,0.0,0,0
openml,algfw_L-dcd_cosine_alpha100_G-mmd_rbf_euclidean_cauchy_scale1_lambda0.1,dcd,cosine,,100.0,mmd_rbf,euclidean,cauchy,1.0,0.1,57,0.87897044,0.8977956,0.10858849,0.6581741,0.0,0,0
openml,algfw_L-local_scaling_euclidean_k5_G-mmd_rbf_euclidean_rational_scale2_lambda0.2,local_scaling,euclidean,5.0,,mmd_rbf,euclidean,rational,2.0,0.2,57,0.8789671,0.9124514,0.108807854,0.6644385,0.0001315962626661403,0,1
openml,algfw_L-local_scaling_euclidean_k3_G-mmd_rbf_euclidean_affine_clipped_scale0.25_lambda0.6,local_scaling,euclidean,3.0,,mmd_rbf,euclidean,affine_clipped,0.25,0.6,57,0.8789423,0.9197225,0.10895645,0.66399467,0.0,0,0
openml,algfw_L-local_scaling_euclidean_k5_G-mmd_rbf_euclidean_affine_clipped_scale0.25_lambda0.7,local_scaling,euclidean,5.0,,mmd_rbf,euclidean,affine_clipped,0.25,0.7,57,0.87892795,0.91333985,0.10878005,0.6644385,0.0001315962626661403,0,1
openml,algfw_L-dcd_cosine_alpha50_G-mmd_rbf_euclidean_logistic_scale4_lambda0.1,dcd,cosine,,50.0,mmd_rbf,euclidean,logistic,4.0,0.1,57,0.8789178,0.9122449,0.10989458,0.6631016,0.0,0,0
tabular,algfw_L-coverage_euclidean_k1_G-mmd_rbf_euclidean_affine_clipped_scale0.25_lambda0.0,coverage,euclidean,1.0,,mmd_rbf,euclidean,affine_clipped,0.25,0.0,1,1.0,1.0,,1.0,0.00141643059490085,0,1
tabular,algfw_L-coverage_euclidean_k3_G-centroid_cosine_linear_scale0.25_lambda0.1,coverage,euclidean,3.0,,centroid,cosine,linear,0.25,0.1,1,1.0,1.0,,1.0,0.00141643059490085,0,1
tabular,algfw_L-coverage_euclidean_k3_G-centroid_cosine_linear_scale0.25_lambda0.2,coverage,euclidean,3.0,,centroid,cosine,linear,0.25,0.2,1,1.0,1.0,,1.0,0.00141643059490085,0,1
tabular,algfw_L-coverage_euclidean_k3_G-centroid_cosine_linear_scale0.25_lambda0.3,coverage,euclidean,3.0,,centroid,cosine,linear,0.25,0.3,1,1.0,1.0,,1.0,0.00141643059490085,0,1
tabular,algfw_L-coverage_euclidean_k3_G-centroid_cosine_linear_scale0.25_lambda0.4,coverage,euclidean,3.0,,centroid,cosine,linear,0.25,0.4,1,1.0,1.0,,1.0,0.00141643059490085,0,1
tabular,algfw_L-coverage_euclidean_k3_G-centroid_cosine_linear_scale0.25_lambda0.5,coverage,euclidean,3.0,,centroid,cosine,linear,0.25,0.5,1,1.0,1.0,,1.0,0.00141643059490085,0,1
tabular,algfw_L-coverage_euclidean_k3_G-centroid_cosine_linear_scale0.25_lambda0.6,coverage,euclidean,3.0,,centroid,cosine,linear,0.25,0.6,1,1.0,1.0,,1.0,0.00141643059490085,0,1
tabular,algfw_L-coverage_euclidean_k3_G-centroid_cosine_linear_scale0.25_lambda0.7,coverage,euclidean,3.0,,centroid,cosine,linear,0.25,0.7,1,1.0,1.0,,1.0,0.00141643059490085,0,1
tabular,algfw_L-coverage_euclidean_k3_G-centroid_cosine_linear_scale0.25_lambda0.8,coverage,euclidean,3.0,,centroid,cosine,linear,0.25,0.8,1,1.0,1.0,,1.0,0.00141643059490085,0,1
tabular,algfw_L-coverage_euclidean_k3_G-centroid_cosine_linear_scale0.25_lambda0.9,coverage,euclidean,3.0,,centroid,cosine,linear,0.25,0.9,1,1.0,1.0,,1.0,0.00141643059490085,0,1
tabular,algfw_L-coverage_euclidean_k3_G-centroid_cosine_linear_scale0.5_lambda0.7,coverage,euclidean,3.0,,centroid,cosine,linear,0.5,0.7,1,1.0,1.0,,1.0,0.00141643059490085,0,1
tabular,algfw_L-coverage_euclidean_k3_G-centroid_cosine_linear_scale0.5_lambda0.8,coverage,euclidean,3.0,,centroid,cosine,linear,0.5,0.8,1,1.0,1.0,,1.0,0.00141643059490085,0,1
tabular,algfw_L-coverage_euclidean_k3_G-centroid_cosine_linear_scale0.5_lambda0.9,coverage,euclidean,3.0,,centroid,cosine,linear,0.5,0.9,1,1.0,1.0,,1.0,0.00141643059490085,0,1
tabular,algfw_L-coverage_euclidean_k3_G-mmd_rbf_euclidean_affine_clipped_scale0.25_lambda0.0,coverage,euclidean,3.0,,mmd_rbf,euclidean,affine_clipped,0.25,0.0,1,1.0,1.0,,1.0,0.00141643059490085,0,1
tabular,algfw_L-coverage_euclidean_k3_G-mmd_rbf_euclidean_affine_clipped_scale0.25_lambda0.1,coverage,euclidean,3.0,,mmd_rbf,euclidean,affine_clipped,0.25,0.1,1,1.0,1.0,,1.0,0.00141643059490085,0,1
tabular,algfw_L-coverage_euclidean_k3_G-mmd_rbf_euclidean_affine_clipped_scale0.25_lambda0.2,coverage,euclidean,3.0,,mmd_rbf,euclidean,affine_clipped,0.25,0.2,1,1.0,1.0,,1.0,0.00141643059490085,0,1
tabular,algfw_L-coverage_euclidean_k3_G-mmd_rbf_euclidean_affine_clipped_scale0.25_lambda0.3,coverage,euclidean,3.0,,mmd_rbf,euclidean,affine_clipped,0.25,0.3,1,1.0,1.0,,1.0,0.00141643059490085,0,1
tabular,algfw_L-coverage_euclidean_k3_G-mmd_rbf_euclidean_affine_clipped_scale0.25_lambda0.4,coverage,euclidean,3.0,,mmd_rbf,euclidean,affine_clipped,0.25,0.4,1,1.0,1.0,,1.0,0.00141643059490085,0,1
tabular,algfw_L-coverage_euclidean_k3_G-mmd_rbf_euclidean_affine_clipped_scale0.25_lambda0.5,coverage,euclidean,3.0,,mmd_rbf,euclidean,affine_clipped,0.25,0.5,1,1.0,1.0,,1.0,0.00141643059490085,0,1
tabular,algfw_L-coverage_euclidean_k5_G-mmd_rbf_euclidean_affine_clipped_scale0.25_lambda0.0,coverage,euclidean,5.0,,mmd_rbf,euclidean,affine_clipped,0.25,0.0,1,1.0,1.0,,1.0,0.00141643059490085,0,1
tabular,algfw_L-coverage_euclidean_k10_G-centroid_cosine_linear_scale0.5_lambda0.9,coverage,euclidean,10.0,,centroid,cosine,linear,0.5,0.9,1,1.0,1.0,,1.0,0.00141643059490085,0,1
tabular,algfw_L-coverage_euclidean_k10_G-mmd_rbf_euclidean_affine_clipped_scale0.25_lambda0.0,coverage,euclidean,10.0,,mmd_rbf,euclidean,affine_clipped,0.25,0.0,1,1.0,1.0,,1.0,0.00141643059490085,0,1
tabular,algfw_L-coverage_euclidean_k10_G-mmd_rbf_euclidean_affine_clipped_scale0.25_lambda0.1,coverage,euclidean,10.0,,mmd_rbf,euclidean,affine_clipped,0.25,0.1,1,1.0,1.0,,1.0,0.00141643059490085,0,1
tabular,algfw_L-coverage_euclidean_k10_G-mmd_rbf_euclidean_affine_clipped_scale0.25_lambda0.2,coverage,euclidean,10.0,,mmd_rbf,euclidean,affine_clipped,0.25,0.2,1,1.0,1.0,,1.0,0.00141643059490085,0,1
tabular,algfw_L-coverage_euclidean_k10_G-mmd_rbf_euclidean_affine_clipped_scale0.25_lambda0.3,coverage,euclidean,10.0,,mmd_rbf,euclidean,affine_clipped,0.25,0.3,1,1.0,1.0,,1.0,0.00141643059490085,0,1
tabular,algfw_L-coverage_euclidean_k10_G-mmd_rbf_euclidean_affine_clipped_scale0.25_lambda0.4,coverage,euclidean,10.0,,mmd_rbf,euclidean,affine_clipped,0.25,0.4,1,1.0,1.0,,1.0,0.00141643059490085,0,1
tabular,algfw_L-coverage_euclidean_k10_G-mmd_rbf_euclidean_affine_clipped_scale0.25_lambda0.5,coverage,euclidean,10.0,,mmd_rbf,euclidean,affine_clipped,0.25,0.5,1,1.0,1.0,,1.0,0.00141643059490085,0,1
tabular,algfw_L-coverage_euclidean_k10_G-mmd_rbf_euclidean_affine_clipped_scale0.25_lambda0.6,coverage,euclidean,10.0,,mmd_rbf,euclidean,affine_clipped,0.25,0.6,1,1.0,1.0,,1.0,0.00141643059490085,0,1
tabular,algfw_L-coverage_euclidean_k10_G-mmd_rbf_euclidean_affine_clipped_scale0.25_lambda0.7,coverage,euclidean,10.0,,mmd_rbf,euclidean,affine_clipped,0.25,0.7,1,1.0,1.0,,1.0,0.00141643059490085,0,1
tabular,algfw_L-coverage_euclidean_k10_G-mmd_rbf_euclidean_affine_clipped_scale0.25_lambda0.8,coverage,euclidean,10.0,,mmd_rbf,euclidean,affine_clipped,0.25,0.8,1,1.0,1.0,,1.0,0.00141643059490085,0,1
tabular,algfw_L-coverage_euclidean_k10_G-mmd_rbf_euclidean_affine_clipped_scale0.25_lambda0.9,coverage,euclidean,10.0,,mmd_rbf,euclidean,affine_clipped,0.25,0.9,1,1.0,1.0,,1.0,0.00141643059490085,0,1
tabular,algfw_L-manifold_f1_euclidean_k1_G-mmd_rbf_euclidean_affine_clipped_scale0.25_lambda0.0,manifold_f1,euclidean,1.0,,mmd_rbf,euclidean,affine_clipped,0.25,0.0,1,1.0,1.0,,1.0,0.00141643059490085,0,1
tabular,algfw_L-manifold_f1_euclidean_k3_G-centroid_euclidean_affine_clipped_scale0.25_lambda0.1,manifold_f1,euclidean,3.0,,centroid,euclidean,affine_clipped,0.25,0.1,1,1.0,1.0,,1.0,0.00141643059490085,0,1
tabular,algfw_L-manifold_f1_euclidean_k3_G-centroid_euclidean_affine_clipped_scale0.25_lambda0.2,manifold_f1,euclidean,3.0,,centroid,euclidean,affine_clipped,0.25,0.2,1,1.0,1.0,,1.0,0.00141643059490085,0,1
tabular,algfw_L-manifold_f1_euclidean_k3_G-centroid_euclidean_affine_clipped_scale0.25_lambda0.3,manifold_f1,euclidean,3.0,,centroid,euclidean,affine_clipped,0.25,0.3,1,1.0,1.0,,1.0,0.00141643059490085,0,1
tabular,algfw_L-manifold_f1_euclidean_k3_G-centroid_euclidean_affine_clipped_scale0.25_lambda0.4,manifold_f1,euclidean,3.0,,centroid,euclidean,affine_clipped,0.25,0.4,1,1.0,1.0,,1.0,0.00141643059490085,0,1
tabular,algfw_L-manifold_f1_euclidean_k3_G-centroid_euclidean_affine_clipped_scale0.25_lambda0.5,manifold_f1,euclidean,3.0,,centroid,euclidean,affine_clipped,0.25,0.5,1,1.0,1.0,,1.0,0.00141643059490085,0,1
tabular,algfw_L-manifold_f1_euclidean_k3_G-centroid_euclidean_affine_clipped_scale0.25_lambda0.6,manifold_f1,euclidean,3.0,,centroid,euclidean,affine_clipped,0.25,0.6,1,1.0,1.0,,1.0,0.00141643059490085,0,1
tabular,algfw_L-manifold_f1_euclidean_k3_G-centroid_euclidean_affine_clipped_scale0.25_lambda0.7,manifold_f1,euclidean,3.0,,centroid,euclidean,affine_clipped,0.25,0.7,1,1.0,1.0,,1.0,0.00141643059490085,0,1
tabular,algfw_L-manifold_f1_euclidean_k3_G-centroid_euclidean_affine_clipped_scale0.25_lambda0.8,manifold_f1,euclidean,3.0,,centroid,euclidean,affine_clipped,0.25,0.8,1,1.0,1.0,,1.0,0.00141643059490085,0,1
tabular,algfw_L-manifold_f1_euclidean_k3_G-centroid_euclidean_affine_clipped_scale0.25_lambda0.9,manifold_f1,euclidean,3.0,,centroid,euclidean,affine_clipped,0.25,0.9,1,1.0,1.0,,1.0,0.00141643059490085,0,1
tabular,algfw_L-manifold_f1_euclidean_k3_G-centroid_euclidean_affine_clipped_scale0.25_lambda1.0,manifold_f1,euclidean,3.0,,centroid,euclidean,affine_clipped,0.25,1.0,1,1.0,1.0,,1.0,0.00141643059490085,0,1
tabular,algfw_L-manifold_f1_euclidean_k3_G-centroid_euclidean_affine_clipped_scale0.5_lambda0.1,manifold_f1,euclidean,3.0,,centroid,euclidean,affine_clipped,0.5,0.1,1,1.0,1.0,,1.0,0.00141643059490085,0,1
tabular,algfw_L-manifold_f1_euclidean_k3_G-centroid_euclidean_affine_clipped_scale0.5_lambda0.2,manifold_f1,euclidean,3.0,,centroid,euclidean,affine_clipped,0.5,0.2,1,1.0,1.0,,1.0,0.00141643059490085,0,1
tabular,algfw_L-manifold_f1_euclidean_k3_G-centroid_euclidean_affine_clipped_scale0.5_lambda0.3,manifold_f1,euclidean,3.0,,centroid,euclidean,affine_clipped,0.5,0.3,1,1.0,1.0,,1.0,0.00141643059490085,0,1
tabular,algfw_L-manifold_f1_euclidean_k3_G-centroid_euclidean_affine_clipped_scale0.5_lambda0.4,manifold_f1,euclidean,3.0,,centroid,euclidean,affine_clipped,0.5,0.4,1,1.0,1.0,,1.0,0.00141643059490085,0,1
tabular,algfw_L-manifold_f1_euclidean_k3_G-centroid_euclidean_affine_clipped_scale0.5_lambda0.5,manifold_f1,euclidean,3.0,,centroid,euclidean,affine_clipped,0.5,0.5,1,1.0,1.0,,1.0,0.00141643059490085,0,1
tabular,algfw_L-manifold_f1_euclidean_k3_G-centroid_euclidean_affine_clipped_scale0.5_lambda0.6,manifold_f1,euclidean,3.0,,centroid,euclidean,affine_clipped,0.5,0.6,1,1.0,1.0,,1.0,0.00141643059490085,0,1
tabular,algfw_L-manifold_f1_euclidean_k3_G-centroid_euclidean_affine_clipped_scale0.5_lambda0.7,manifold_f1,euclidean,3.0,,centroid,euclidean,affine_clipped,0.5,0.7,1,1.0,1.0,,1.0,0.00141643059490085,0,1
tabular,algfw_L-manifold_f1_euclidean_k3_G-centroid_euclidean_affine_clipped_scale0.5_lambda0.8,manifold_f1,euclidean,3.0,,centroid,euclidean,affine_clipped,0.5,0.8,1,1.0,1.0,,1.0,0.00141643059490085,0,1
tabular,algfw_L-manifold_f1_euclidean_k3_G-centroid_euclidean_affine_clipped_scale0.5_lambda0.9,manifold_f1,euclidean,3.0,,centroid,euclidean,affine_clipped,0.5,0.9,1,1.0,1.0,,1.0,0.00141643059490085,0,1
tabular,algfw_L-manifold_f1_euclidean_k3_G-centroid_euclidean_affine_clipped_scale0.5_lambda1.0,manifold_f1,euclidean,3.0,,centroid,euclidean,affine_clipped,0.5,1.0,1,1.0,1.0,,1.0,0.00141643059490085,0,1
tabular,algfw_L-manifold_f1_euclidean_k3_G-centroid_euclidean_affine_clipped_scale1_lambda0.1,manifold_f1,euclidean,3.0,,centroid,euclidean,affine_clipped,1.0,0.1,1,1.0,1.0,,1.0,0.00141643059490085,0,1
tabular,algfw_L-manifold_f1_euclidean_k3_G-centroid_euclidean_affine_clipped_scale1_lambda0.2,manifold_f1,euclidean,3.0,,centroid,euclidean,affine_clipped,1.0,0.2,1,1.0,1.0,,1.0,0.00141643059490085,0,1
tabular,algfw_L-manifold_f1_euclidean_k3_G-centroid_euclidean_affine_clipped_scale1_lambda0.3,manifold_f1,euclidean,3.0,,centroid,euclidean,affine_clipped,1.0,0.3,1,1.0,1.0,,1.0,0.00141643059490085,0,1
tabular,algfw_L-manifold_f1_euclidean_k3_G-centroid_euclidean_affine_clipped_scale1_lambda0.4,manifold_f1,euclidean,3.0,,centroid,euclidean,affine_clipped,1.0,0.4,1,1.0,1.0,,1.0,0.00141643059490085,0,1
tabular,algfw_L-manifold_f1_euclidean_k3_G-centroid_euclidean_affine_clipped_scale1_lambda0.5,manifold_f1,euclidean,3.0,,centroid,euclidean,affine_clipped,1.0,0.5,1,1.0,1.0,,1.0,0.00141643059490085,0,1
tabular,algfw_L-manifold_f1_euclidean_k3_G-centroid_euclidean_affine_clipped_scale1_lambda0.6,manifold_f1,euclidean,3.0,,centroid,euclidean,affine_clipped,1.0,0.6,1,1.0,1.0,,1.0,0.00141643059490085,0,1
tabular,algfw_L-manifold_f1_euclidean_k3_G-centroid_euclidean_affine_clipped_scale1_lambda0.7,manifold_f1,euclidean,3.0,,centroid,euclidean,affine_clipped,1.0,0.7,1,1.0,1.0,,1.0,0.00141643059490085,0,1
tabular,algfw_L-manifold_f1_euclidean_k3_G-centroid_euclidean_affine_clipped_scale1_lambda0.8,manifold_f1,euclidean,3.0,,centroid,euclidean,affine_clipped,1.0,0.8,1,1.0,1.0,,1.0,0.00141643059490085,0,1
tabular,algfw_L-manifold_f1_euclidean_k3_G-centroid_euclidean_affine_clipped_scale1_lambda0.9,manifold_f1,euclidean,3.0,,centroid,euclidean,affine_clipped,1.0,0.9,1,1.0,1.0,,1.0,0.00141643059490085,0,1
tabular,algfw_L-manifold_f1_euclidean_k3_G-centroid_euclidean_affine_clipped_scale1_lambda1.0,manifold_f1,euclidean,3.0,,centroid,euclidean,affine_clipped,1.0,1.0,1,1.0,1.0,,1.0,0.00141643059490085,0,1
tabular,algfw_L-manifold_f1_euclidean_k3_G-centroid_euclidean_affine_clipped_scale2_lambda1.0,manifold_f1,euclidean,3.0,,centroid,euclidean,affine_clipped,2.0,1.0,1,1.0,1.0,,1.0,0.00141643059490085,0,1
tabular,algfw_L-manifold_f1_euclidean_k3_G-centroid_euclidean_affine_clipped_scale4_lambda1.0,manifold_f1,euclidean,3.0,,centroid,euclidean,affine_clipped,4.0,1.0,1,1.0,1.0,,1.0,0.00141643059490085,0,1
tabular,algfw_L-manifold_f1_euclidean_k3_G-centroid_euclidean_rational_scale0.25_lambda1.0,manifold_f1,euclidean,3.0,,centroid,euclidean,rational,0.25,1.0,1,1.0,1.0,,1.0,0.00141643059490085,0,1
tabular,algfw_L-manifold_f1_euclidean_k3_G-centroid_euclidean_rational_scale0.5_lambda1.0,manifold_f1,euclidean,3.0,,centroid,euclidean,rational,0.5,1.0,1,1.0,1.0,,1.0,0.00141643059490085,0,1
tabular,algfw_L-manifold_f1_euclidean_k3_G-centroid_euclidean_rational_scale1_lambda1.0,manifold_f1,euclidean,3.0,,centroid,euclidean,rational,1.0,1.0,1,1.0,1.0,,1.0,0.00141643059490085,0,1
tabular,algfw_L-manifold_f1_euclidean_k3_G-centroid_euclidean_rational_scale2_lambda1.0,manifold_f1,euclidean,3.0,,centroid,euclidean,rational,2.0,1.0,1,1.0,1.0,,1.0,0.00141643059490085,0,1
tabular,algfw_L-manifold_f1_euclidean_k3_G-centroid_euclidean_rational_scale4_lambda1.0,manifold_f1,euclidean,3.0,,centroid,euclidean,rational,4.0,1.0,1,1.0,1.0,,1.0,0.00141643059490085,0,1
tabular,algfw_L-manifold_f1_euclidean_k3_G-centroid_euclidean_cauchy_scale0.25_lambda1.0,manifold_f1,euclidean,3.0,,centroid,euclidean,cauchy,0.25,1.0,1,1.0,1.0,,1.0,0.00141643059490085,0,1
tabular,algfw_L-manifold_f1_euclidean_k3_G-centroid_euclidean_cauchy_scale0.5_lambda1.0,manifold_f1,euclidean,3.0,,centroid,euclidean,cauchy,0.5,1.0,1,1.0,1.0,,1.0,0.00141643059490085,0,1
tabular,algfw_L-manifold_f1_euclidean_k3_G-centroid_euclidean_cauchy_scale1_lambda1.0,manifold_f1,euclidean,3.0,,centroid,euclidean,cauchy,1.0,1.0,1,1.0,1.0,,1.0,0.00141643059490085,0,1
tabular,algfw_L-manifold_f1_euclidean_k3_G-centroid_euclidean_cauchy_scale2_lambda1.0,manifold_f1,euclidean,3.0,,centroid,euclidean,cauchy,2.0,1.0,1,1.0,1.0,,1.0,0.00141643059490085,0,1
tabular,algfw_L-manifold_f1_euclidean_k3_G-centroid_euclidean_cauchy_scale4_lambda1.0,manifold_f1,euclidean,3.0,,centroid,euclidean,cauchy,4.0,1.0,1,1.0,1.0,,1.0,0.00141643059490085,0,1
tabular,algfw_L-manifold_f1_euclidean_k3_G-centroid_euclidean_exponential_scale0.25_lambda1.0,manifold_f1,euclidean,3.0,,centroid,euclidean,exponential,0.25,1.0,1,1.0,1.0,,1.0,0.00141643059490085,0,1
tabular,algfw_L-manifold_f1_euclidean_k3_G-centroid_euclidean_exponential_scale0.5_lambda1.0,manifold_f1,euclidean,3.0,,centroid,euclidean,exponential,0.5,1.0,1,1.0,1.0,,1.0,0.00141643059490085,0,1
tabular,algfw_L-manifold_f1_euclidean_k3_G-centroid_euclidean_exponential_scale1_lambda1.0,manifold_f1,euclidean,3.0,,centroid,euclidean,exponential,1.0,1.0,1,1.0,1.0,,1.0,0.00141643059490085,0,1
tabular,algfw_L-manifold_f1_euclidean_k3_G-centroid_euclidean_exponential_scale2_lambda1.0,manifold_f1,euclidean,3.0,,centroid,euclidean,exponential,2.0,1.0,1,1.0,1.0,,1.0,0.00141643059490085,0,1
tabular,algfw_L-manifold_f1_euclidean_k3_G-centroid_euclidean_exponential_scale4_lambda1.0,manifold_f1,euclidean,3.0,,centroid,euclidean,exponential,4.0,1.0,1,1.0,1.0,,1.0,0.00141643059490085,0,1
tabular,algfw_L-manifold_f1_euclidean_k3_G-centroid_euclidean_gaussian_scale0.25_lambda1.0,manifold_f1,euclidean,3.0,,centroid,euclidean,gaussian,0.25,1.0,1,1.0,1.0,,1.0,0.00141643059490085,0,1
tabular,algfw_L-manifold_f1_euclidean_k3_G-centroid_euclidean_gaussian_scale0.5_lambda1.0,manifold_f1,euclidean,3.0,,centroid,euclidean,gaussian,0.5,1.0,1,1.0,1.0,,1.0,0.00141643059490085,0,1
tabular,algfw_L-manifold_f1_euclidean_k3_G-centroid_euclidean_gaussian_scale1_lambda1.0,manifold_f1,euclidean,3.0,,centroid,euclidean,gaussian,1.0,1.0,1,1.0,1.0,,1.0,0.00141643059490085,0,1
tabular,algfw_L-manifold_f1_euclidean_k3_G-centroid_euclidean_gaussian_scale2_lambda1.0,manifold_f1,euclidean,3.0,,centroid,euclidean,gaussian,2.0,1.0,1,1.0,1.0,,1.0,0.00141643059490085,0,1
tabular,algfw_L-manifold_f1_euclidean_k3_G-centroid_euclidean_gaussian_scale4_lambda1.0,manifold_f1,euclidean,3.0,,centroid,euclidean,gaussian,4.0,1.0,1,1.0,1.0,,1.0,0.00141643059490085,0,1
tabular,algfw_L-manifold_f1_euclidean_k3_G-centroid_euclidean_logistic_scale0.25_lambda1.0,manifold_f1,euclidean,3.0,,centroid,euclidean,logistic,0.25,1.0,1,1.0,1.0,,1.0,0.00141643059490085,0,1
tabular,algfw_L-manifold_f1_euclidean_k3_G-centroid_euclidean_logistic_scale0.5_lambda1.0,manifold_f1,euclidean,3.0,,centroid,euclidean,logistic,0.5,1.0,1,1.0,1.0,,1.0,0.00141643059490085,0,1
tabular,algfw_L-manifold_f1_euclidean_k3_G-centroid_euclidean_logistic_scale1_lambda1.0,manifold_f1,euclidean,3.0,,centroid,euclidean,logistic,1.0,1.0,1,1.0,1.0,,1.0,0.00141643059490085,0,1
tabular,algfw_L-manifold_f1_euclidean_k3_G-centroid_euclidean_logistic_scale2_lambda1.0,manifold_f1,euclidean,3.0,,centroid,euclidean,logistic,2.0,1.0,1,1.0,1.0,,1.0,0.00141643059490085,0,1
tabular,algfw_L-manifold_f1_euclidean_k3_G-centroid_euclidean_logistic_scale4_lambda1.0,manifold_f1,euclidean,3.0,,centroid,euclidean,logistic,4.0,1.0,1,1.0,1.0,,1.0,0.00141643059490085,0,1
tabular,algfw_L-manifold_f1_euclidean_k3_G-centroid_manhattan_affine_clipped_scale0.25_lambda0.1,manifold_f1,euclidean,3.0,,centroid,manhattan,affine_clipped,0.25,0.1,1,1.0,1.0,,1.0,0.00141643059490085,0,1
tabular,algfw_L-manifold_f1_euclidean_k3_G-centroid_manhattan_affine_clipped_scale0.25_lambda0.2,manifold_f1,euclidean,3.0,,centroid,manhattan,affine_clipped,0.25,0.2,1,1.0,1.0,,1.0,0.00141643059490085,0,1
tabular,algfw_L-manifold_f1_euclidean_k3_G-centroid_manhattan_affine_clipped_scale0.25_lambda0.3,manifold_f1,euclidean,3.0,,centroid,manhattan,affine_clipped,0.25,0.3,1,1.0,1.0,,1.0,0.00141643059490085,0,1
tabular,algfw_L-manifold_f1_euclidean_k3_G-centroid_manhattan_affine_clipped_scale0.25_lambda0.4,manifold_f1,euclidean,3.0,,centroid,manhattan,affine_clipped,0.25,0.4,1,1.0,1.0,,1.0,0.00141643059490085,0,1
tabular,algfw_L-manifold_f1_euclidean_k3_G-centroid_manhattan_affine_clipped_scale0.25_lambda0.5,manifold_f1,euclidean,3.0,,centroid,manhattan,affine_clipped,0.25,0.5,1,1.0,1.0,,1.0,0.00141643059490085,0,1
tabular,algfw_L-manifold_f1_euclidean_k3_G-centroid_manhattan_affine_clipped_scale0.25_lambda0.6,manifold_f1,euclidean,3.0,,centroid,manhattan,affine_clipped,0.25,0.6,1,1.0,1.0,,1.0,0.00141643059490085,0,1
tabular,algfw_L-manifold_f1_euclidean_k3_G-centroid_manhattan_affine_clipped_scale0.25_lambda0.7,manifold_f1,euclidean,3.0,,centroid,manhattan,affine_clipped,0.25,0.7,1,1.0,1.0,,1.0,0.00141643059490085,0,1
tabular,algfw_L-manifold_f1_euclidean_k3_G-centroid_manhattan_affine_clipped_scale0.25_lambda0.8,manifold_f1,euclidean,3.0,,centroid,manhattan,affine_clipped,0.25,0.8,1,1.0,1.0,,1.0,0.00141643059490085,0,1
tabular,algfw_L-manifold_f1_euclidean_k3_G-centroid_manhattan_affine_clipped_scale0.25_lambda0.9,manifold_f1,euclidean,3.0,,centroid,manhattan,affine_clipped,0.25,0.9,1,1.0,1.0,,1.0,0.00141643059490085,0,1
tabular,algfw_L-manifold_f1_euclidean_k3_G-centroid_manhattan_affine_clipped_scale0.25_lambda1.0,manifold_f1,euclidean,3.0,,centroid,manhattan,affine_clipped,0.25,1.0,1,1.0,1.0,,1.0,0.00141643059490085,0,1
tabular,algfw_L-manifold_f1_euclidean_k3_G-centroid_manhattan_affine_clipped_scale0.5_lambda0.1,manifold_f1,euclidean,3.0,,centroid,manhattan,affine_clipped,0.5,0.1,1,1.0,1.0,,1.0,0.00141643059490085,0,1
text,algfw_L-manifold_f1_euclidean_k5_G-centroid_cosine_gaussian_scale0.25_lambda0.7,manifold_f1,euclidean,5.0,,centroid,cosine,gaussian,0.25,0.7,6,0.75377446,0.7212171,0.08927631,0.6567164,0.0,0,0
text,algfw_L-coverage_cosine_k3_G-centroid_euclidean_exponential_scale1_lambda0.8,coverage,cosine,3.0,,centroid,euclidean,exponential,1.0,0.8,6,0.7524465,0.72910935,0.08641199,0.63917524,0.0,0,0
text,algfw_L-best_buddies_cosine_G-centroid_cosine_exponential_scale0.5_lambda0.4,best_buddies,cosine,,,centroid,cosine,exponential,0.5,0.4,6,0.7524195,0.7337613,0.10825184,0.6041667,0.0,0,0
text,algfw_L-dcd_cosine_alpha10_G-centroid_cosine_rational_scale0.25_lambda0.6,dcd,cosine,,10.0,centroid,cosine,rational,0.25,0.6,6,0.75218564,0.7237942,0.09736065,0.6315789,0.0,0,0
text,algfw_L-dcd_cosine_alpha10_G-energy_euclidean_gaussian_scale0.25_lambda0.8,dcd,cosine,,10.0,energy,euclidean,gaussian,0.25,0.8,6,0.752157,0.7259633,0.10098387,0.6315789,0.0,0,0
text,algfw_L-dcd_cosine_alpha10_G-energy_euclidean_affine_clipped_scale0.5_lambda0.8,dcd,cosine,,10.0,energy,euclidean,affine_clipped,0.5,0.8,6,0.7519309,0.72966135,0.102702454,0.625,0.0,0,0
text,algfw_L-best_buddies_cosine_G-centroid_cosine_logistic_scale0.25_lambda0.4,best_buddies,cosine,,,centroid,cosine,logistic,0.25,0.4,6,0.75193,0.7350277,0.09998861,0.6185567,0.0,0,0
text,algfw_L-dcd_cosine_alpha10_G-centroid_manhattan_logistic_scale0.25_lambda0.7,dcd,cosine,,10.0,centroid,manhattan,logistic,0.25,0.7,6,0.75177354,0.72687155,0.104273796,0.625,0.0,0,0
text,algfw_L-coverage_cosine_k3_G-centroid_euclidean_rational_scale0.25_lambda0.7,coverage,cosine,3.0,,centroid,euclidean,rational,0.25,0.7,6,0.7516803,0.72681075,0.086520985,0.63917524,0.0,0,0
text,algfw_L-best_buddies_cosine_G-centroid_cosine_exponential_scale0.25_lambda0.5,best_buddies,cosine,,,centroid,cosine,exponential,0.25,0.5,6,0.7516307,0.7352712,0.10293641,0.6041667,0.0,0,0
text,algfw_L-dcd_cosine_alpha10_G-centroid_euclidean_gaussian_scale0.25_lambda0.5,dcd,cosine,,10.0,centroid,euclidean,gaussian,0.25,0.5,6,0.7515963,0.72033036,0.108311795,0.625,0.0,0,0
text,algfw_L-coverage_cosine_k1_G-centroid_cosine_exponential_scale0.25_lambda0.8,coverage,cosine,1.0,,centroid,cosine,exponential,0.25,0.8,6,0.75153714,0.73496354,0.090700746,0.6458333,0.0,0,0
text,algfw_L-manifold_f1_euclidean_k5_G-centroid_cosine_rational_scale1_lambda0.4,manifold_f1,euclidean,5.0,,centroid,cosine,rational,1.0,0.4,6,0.75135785,0.7151867,0.087906726,0.6567164,0.0,0,0
text,algfw_L-coverage_cosine_k3_G-centroid_euclidean_rational_scale0.25_lambda0.6,coverage,cosine,3.0,,centroid,euclidean,rational,0.25,0.6,6,0.751344,0.7322435,0.083055556,0.63917524,0.0,0,0
text,algfw_L-dcd_cosine_alpha10_G-centroid_manhattan_affine_clipped_scale1_lambda0.9,dcd,cosine,,10.0,centroid,manhattan,affine_clipped,1.0,0.9,6,0.75133985,0.7284422,0.10162827,0.625,0.0,0,0
text,algfw_L-coverage_cosine_k3_G-centroid_cosine_rational_scale2_lambda0.6,coverage,cosine,3.0,,centroid,cosine,rational,2.0,0.6,6,0.75128907,0.73492754,0.090395905,0.625,0.0,0,0
text,algfw_L-coverage_cosine_k3_G-centroid_chebyshev_exponential_scale0.25_lambda0.6,coverage,cosine,3.0,,centroid,chebyshev,exponential,0.25,0.6,6,0.75121444,0.7308977,0.08499325,0.63917524,0.0,0,0
text,algfw_L-local_scaling_cosine_k5_G-centroid_euclidean_logistic_scale0.25_lambda0.7,local_scaling,cosine,5.0,,centroid,euclidean,logistic,0.25,0.7,6,0.75116014,0.7313014,0.08655133,0.6436782,0.0,0,0
text,algfw_L-local_scaling_cosine_k5_G-centroid_euclidean_rational_scale0.25_lambda0.7,local_scaling,cosine,5.0,,centroid,euclidean,rational,0.25,0.7,6,0.75111276,0.7275263,0.088232845,0.6436782,0.0,0,0
text,algfw_L-coverage_cosine_k3_G-centroid_chebyshev_gaussian_scale0.5_lambda0.9,coverage,cosine,3.0,,centroid,chebyshev,gaussian,0.5,0.9,6,0.7511042,0.72649515,0.08572141,0.63917524,0.0,0,0
text,algfw_L-dcd_cosine_alpha10_G-centroid_manhattan_exponential_scale0.25_lambda0.5,dcd,cosine,,10.0,centroid,manhattan,exponential,0.25,0.5,6,0.7510969,0.7259434,0.0995932,0.6315789,0.0,0,0
text,algfw_L-coverage_cosine_k3_G-centroid_euclidean_rational_scale0.5_lambda0.7,coverage,cosine,3.0,,centroid,euclidean,rational,0.5,0.7,6,0.75106907,0.73123825,0.08316366,0.63917524,0.0,0,0
text,algfw_L-coverage_cosine_k3_G-centroid_chebyshev_cauchy_scale0.25_lambda0.7,coverage,cosine,3.0,,centroid,chebyshev,cauchy,0.25,0.7,6,0.75099856,0.72732854,0.08507684,0.63917524,0.0,0,0
text,algfw_L-coverage_cosine_k3_G-energy_euclidean_exponential_scale0.25_lambda0.6,coverage,cosine,3.0,,energy,euclidean,exponential,0.25,0.6,6,0.7509761,0.7322047,0.08678264,0.63917524,0.0,0,0
text,algfw_L-manifold_f1_euclidean_k5_G-centroid_cosine_exponential_scale0.25_lambda0.6,manifold_f1,euclidean,5.0,,centroid,cosine,exponential,0.25,0.6,6,0.7508928,0.71855897,0.08881176,0.6567164,0.0,0,0
text,algfw_L-coverage_cosine_k3_G-centroid_euclidean_affine_clipped_scale1_lambda0.7,coverage,cosine,3.0,,centroid,euclidean,affine_clipped,1.0,0.7,6,0.7508714,0.7317612,0.087238945,0.63917524,0.0,0,0
text,algfw_L-coverage_cosine_k3_G-centroid_euclidean_exponential_scale0.5_lambda0.8,coverage,cosine,3.0,,centroid,euclidean,exponential,0.5,0.8,6,0.7507684,0.7302953,0.087708354,0.63917524,0.0,0,0
text,algfw_L-dcd_cosine_alpha10_G-centroid_manhattan_exponential_scale0.25_lambda0.6,dcd,cosine,,10.0,centroid,manhattan,exponential,0.25,0.6,6,0.7507089,0.72257066,0.10493919,0.625,0.0,0,0
text,algfw_L-best_buddies_cosine_G-centroid_cosine_rational_scale0.25_lambda0.4,best_buddies,cosine,,,centroid,cosine,rational,0.25,0.4,6,0.7507019,0.731928,0.099748105,0.6041667,0.0,0,0
text,algfw_L-coverage_cosine_k3_G-centroid_euclidean_gaussian_scale1_lambda0.9,coverage,cosine,3.0,,centroid,euclidean,gaussian,1.0,0.9,6,0.75068647,0.728745,0.084101856,0.63917524,0.0,0,0
text,algfw_L-local_scaling_cosine_k5_G-centroid_euclidean_cauchy_scale0.25_lambda0.6,local_scaling,cosine,5.0,,centroid,euclidean,cauchy,0.25,0.6,6,0.7506714,0.7311281,0.087238535,0.6436782,0.0,0,0
text,algfw_L-best_buddies_cosine_G-centroid_cosine_rational_scale0.5_lambda0.4,best_buddies,cosine,,,centroid,cosine,rational,0.5,0.4,6,0.75066453,0.73140967,0.104466856,0.6041667,0.0,0,0
text,algfw_L-coverage_cosine_k3_G-energy_euclidean_exponential_scale0.5_lambda0.8,coverage,cosine,3.0,,energy,euclidean,exponential,0.5,0.8,6,0.7506431,0.7301295,0.083514474,0.63917524,0.0,0,0
text,algfw_L-coverage_cosine_k3_G-centroid_chebyshev_affine_clipped_scale1_lambda0.9,coverage,cosine,3.0,,centroid,chebyshev,affine_clipped,1.0,0.9,6,0.75064254,0.7322655,0.08614875,0.63917524,0.0,0,0
text,algfw_L-local_scaling_cosine_k5_G-centroid_euclidean_exponential_scale0.25_lambda0.5,local_scaling,cosine,5.0,,centroid,euclidean,exponential,0.25,0.5,6,0.7505655,0.7347282,0.083080955,0.6436782,0.0,0,0
text,algfw_L-local_scaling_cosine_k5_G-centroid_euclidean_exponential_scale0.25_lambda0.6,local_scaling,cosine,5.0,,centroid,euclidean,exponential,0.25,0.6,6,0.7505277,0.7284429,0.087166734,0.6436782,0.0,0,0
text,algfw_L-coverage_cosine_k3_G-centroid_chebyshev_affine_clipped_scale1_lambda0.8,coverage,cosine,3.0,,centroid,chebyshev,affine_clipped,1.0,0.8,6,0.7505169,0.72881675,0.088316046,0.63917524,0.0,0,0
text,algfw_L-best_buddies_cosine_G-centroid_cosine_exponential_scale2_lambda0.2,best_buddies,cosine,,,centroid,cosine,exponential,2.0,0.2,6,0.75048417,0.7366073,0.10412864,0.6041667,0.0,0,0
text,algfw_L-dcd_cosine_alpha10_G-centroid_euclidean_gaussian_scale0.25_lambda0.4,dcd,cosine,,10.0,centroid,euclidean,gaussian,0.25,0.4,6,0.75047445,0.72267044,0.10444498,0.625,0.0,0,0
text,algfw_L-local_scaling_cosine_k5_G-centroid_euclidean_exponential_scale0.5_lambda0.8,local_scaling,cosine,5.0,,centroid,euclidean,exponential,0.5,0.8,6,0.7504349,0.72763866,0.08927642,0.6436782,0.0,0,0
text,algfw_L-coverage_cosine_k3_G-centroid_cosine_exponential_scale0.5_lambda0.8,coverage,cosine,3.0,,centroid,cosine,exponential,0.5,0.8,6,0.75040644,0.73445046,0.0899883,0.625,0.0,0,0
text,algfw_L-coverage_cosine_k3_G-energy_euclidean_cauchy_scale0.25_lambda0.7,coverage,cosine,3.0,,energy,euclidean,cauchy,0.25,0.7,6,0.7503297,0.7280933,0.08844484,0.63917524,0.0,0,0
text,algfw_L-manifold_f1_euclidean_k5_G-centroid_cosine_cauchy_scale0.25_lambda0.5,manifold_f1,euclidean,5.0,,centroid,cosine,cauchy,0.25,0.5,6,0.75032896,0.71349597,0.094905116,0.64705884,0.0,0,0
text,algfw_L-dcd_cosine_alpha10_G-centroid_manhattan_gaussian_scale0.25_lambda0.3,dcd,cosine,,10.0,centroid,manhattan,gaussian,0.25,0.3,6,0.75026274,0.72114664,0.105651125,0.625,0.0,0,0
text,algfw_L-coverage_cosine_k3_G-centroid_euclidean_exponential_scale2_lambda0.8,coverage,cosine,3.0,,centroid,euclidean,exponential,2.0,0.8,6,0.7502251,0.72883606,0.08456769,0.63917524,0.0,0,0
text,algfw_L-manifold_f1_euclidean_k5_G-centroid_cosine_logistic_scale0.5_lambda0.5,manifold_f1,euclidean,5.0,,centroid,cosine,logistic,0.5,0.5,6,0.75015426,0.71746594,0.09141827,0.6363636,0.0,0,0
text,algfw_L-dcd_cosine_alpha10_G-energy_euclidean_affine_clipped_scale0.5_lambda0.6,dcd,cosine,,10.0,energy,euclidean,affine_clipped,0.5,0.6,6,0.750148,0.7343013,0.11050381,0.59574467,0.0,0,0
text,algfw_L-coverage_cosine_k3_G-energy_euclidean_cauchy_scale0.25_lambda0.6,coverage,cosine,3.0,,energy,euclidean,cauchy,0.25,0.6,6,0.75014466,0.7230724,0.086672164,0.63917524,0.0,0,0
text,algfw_L-manifold_f1_euclidean_k5_G-centroid_cosine_gaussian_scale0.25_lambda0.6,manifold_f1,euclidean,5.0,,centroid,cosine,gaussian,0.25,0.6,6,0.75014323,0.7139971,0.09595567,0.64705884,0.0,0,0
text,algfw_L-dcd_cosine_alpha10_G-centroid_manhattan_logistic_scale0.25_lambda0.6,dcd,cosine,,10.0,centroid,manhattan,logistic,0.25,0.6,6,0.7501297,0.7254064,0.10053799,0.6315789,0.0,0,0
text,algfw_L-coverage_cosine_k3_G-centroid_cosine_cauchy_scale0.5_lambda0.8,coverage,cosine,3.0,,centroid,cosine,cauchy,0.5,0.8,6,0.7501101,0.7325311,0.0904744,0.625,0.0,0,0
text,algfw_L-manifold_f1_euclidean_k5_G-centroid_cosine_rational_scale0.25_lambda0.3,manifold_f1,euclidean,5.0,,centroid,cosine,rational,0.25,0.3,6,0.75010425,0.7130043,0.09594958,0.64705884,0.0,0,0
text,algfw_L-coverage_cosine_k3_G-centroid_cosine_exponential_scale0.25_lambda0.7,coverage,cosine,3.0,,centroid,cosine,exponential,0.25,0.7,6,0.75008756,0.7277512,0.093890905,0.625,0.0,0,0
text,algfw_L-coverage_cosine_k3_G-energy_euclidean_rational_scale0.25_lambda0.5,coverage,cosine,3.0,,energy,euclidean,rational,0.25,0.5,6,0.7500815,0.7229086,0.08776449,0.63917524,0.0,0,0
text,algfw_L-coverage_cosine_k3_G-centroid_chebyshev_logistic_scale0.25_lambda0.7,coverage,cosine,3.0,,centroid,chebyshev,logistic,0.25,0.7,6,0.75007105,0.7283262,0.085315734,0.63917524,0.0,0,0
text,algfw_L-local_scaling_cosine_k5_G-centroid_euclidean_gaussian_scale0.5_lambda0.9,local_scaling,cosine,5.0,,centroid,euclidean,gaussian,0.5,0.9,6,0.75003624,0.72771025,0.08730894,0.6436782,0.0,0,0
text,algfw_L-dcd_cosine_alpha10_G-centroid_manhattan_cauchy_scale0.25_lambda0.6,dcd,cosine,,10.0,centroid,manhattan,cauchy,0.25,0.6,6,0.7499621,0.7238136,0.10573505,0.6185567,0.0,0,0
text,algfw_L-coverage_cosine_k3_G-centroid_chebyshev_gaussian_scale0.25_lambda0.5,coverage,cosine,3.0,,centroid,chebyshev,gaussian,0.25,0.5,6,0.74989533,0.73486197,0.08376787,0.63917524,0.0,0,0
text,algfw_L-local_scaling_cosine_k1_G-energy_euclidean_cauchy_scale0.25_lambda0.8,local_scaling,cosine,1.0,,energy,euclidean,cauchy,0.25,0.8,6,0.749887,0.72531354,0.095267646,0.6315789,0.0,0,0
text,algfw_L-coverage_cosine_k3_G-centroid_cosine_gaussian_scale0.25_lambda0.6,coverage,cosine,3.0,,centroid,cosine,gaussian,0.25,0.6,6,0.7498664,0.7207783,0.09995648,0.6262626,0.0,0,0
text,algfw_L-dcd_cosine_alpha10_G-centroid_euclidean_affine_clipped_scale1_lambda0.8,dcd,cosine,,10.0,centroid,euclidean,affine_clipped,1.0,0.8,6,0.7498272,0.7266028,0.105075926,0.6122449,0.0,0,0
text,algfw_L-coverage_cosine_k3_G-centroid_euclidean_cauchy_scale0.25_lambda0.5,coverage,cosine,3.0,,centroid,euclidean,cauchy,0.25,0.5,6,0.74981445,0.7310287,0.08170591,0.63917524,0.0,0,0
text,algfw_L-coverage_cosine_k3_G-centroid_euclidean_affine_clipped_scale1_lambda0.8,coverage,cosine,3.0,,centroid,euclidean,affine_clipped,1.0,0.8,6,0.74974006,0.7361111,0.08215068,0.63917524,0.0,0,0
text,algfw_L-dcd_cosine_alpha10_G-centroid_cosine_cauchy_scale0.25_lambda0.7,dcd,cosine,,10.0,centroid,cosine,cauchy,0.25,0.7,6,0.74965495,0.7181062,0.09905671,0.6315789,0.0,0,0
text,algfw_L-coverage_cosine_k3_G-centroid_euclidean_logistic_scale0.5_lambda0.8,coverage,cosine,3.0,,centroid,euclidean,logistic,0.5,0.8,6,0.749649,0.72957957,0.08367996,0.63917524,0.0,0,0
text,algfw_L-manifold_f1_euclidean_k5_G-centroid_cosine_rational_scale2_lambda0.3,manifold_f1,euclidean,5.0,,centroid,cosine,rational,2.0,0.3,6,0.74963355,0.7150849,0.092546634,0.6363636,0.0,0,0
text,algfw_L-coverage_cosine_k3_G-energy_euclidean_cauchy_scale0.5_lambda0.7,coverage,cosine,3.0,,energy,euclidean,cauchy,0.5,0.7,6,0.7496217,0.7194295,0.0887253,0.63917524,0.0,0,0
text,algfw_L-coverage_euclidean_k1_G-energy_euclidean_gaussian_scale0.25_lambda0.6,coverage,euclidean,1.0,,energy,euclidean,gaussian,0.25,0.6,6,0.74961454,0.7209054,0.0880863,0.65957445,0.0,0,0
text,algfw_L-dcd_cosine_alpha10_G-centroid_cosine_gaussian_scale0.25_lambda0.8,dcd,cosine,,10.0,centroid,cosine,gaussian,0.25,0.8,6,0.7496101,0.7175024,0.098624624,0.6315789,0.0,0,0
text,algfw_L-best_buddies_cosine_G-centroid_cosine_rational_scale1_lambda0.3,best_buddies,cosine,,,centroid,cosine,rational,1.0,0.3,6,0.7495821,0.7364355,0.10236068,0.6041667,0.0,0,0
text,algfw_L-dcd_cosine_alpha10_G-energy_euclidean_affine_clipped_scale0.5_lambda0.7,dcd,cosine,,10.0,energy,euclidean,affine_clipped,0.5,0.7,6,0.7495642,0.72869426,0.11052658,0.60215056,0.0,0,0
text,algfw_L-best_buddies_cosine_G-energy_euclidean_affine_clipped_scale0.5_lambda0.3,best_buddies,cosine,,,energy,euclidean,affine_clipped,0.5,0.3,6,0.74956036,0.71483487,0.09373904,0.6436782,0.0,0,0
text,algfw_L-coverage_cosine_k3_G-centroid_cosine_logistic_scale2_lambda0.5,coverage,cosine,3.0,,centroid,cosine,logistic,2.0,0.5,6,0.7495474,0.73143387,0.091157325,0.625,0.0,0,0
text,algfw_L-coverage_cosine_k3_G-centroid_cosine_rational_scale0.5_lambda0.7,coverage,cosine,3.0,,centroid,cosine,rational,0.5,0.7,6,0.7495319,0.72992873,0.090832666,0.625,0.0,0,0
text,algfw_L-coverage_cosine_k3_G-energy_euclidean_rational_scale0.5_lambda0.7,coverage,cosine,3.0,,energy,euclidean,rational,0.5,0.7,6,0.74952644,0.7283059,0.08369093,0.63917524,0.0,0,0
text,algfw_L-coverage_cosine_k3_G-centroid_chebyshev_gaussian_scale0.25_lambda0.4,coverage,cosine,3.0,,centroid,chebyshev,gaussian,0.25,0.4,6,0.7494662,0.7335834,0.08296403,0.63917524,0.0,0,0
text,algfw_L-coverage_cosine_k1_G-centroid_cosine_gaussian_scale0.25_lambda0.9,coverage,cosine,1.0,,centroid,cosine,gaussian,0.25,0.9,6,0.74943,0.7353103,0.09300821,0.6458333,0.0,0,0
text,algfw_L-coverage_cosine_k3_G-energy_euclidean_gaussian_scale0.25_lambda0.7,coverage,cosine,3.0,,energy,euclidean,gaussian,0.25,0.7,6,0.7494051,0.72824645,0.08554803,0.63917524,0.0,0,0
text,algfw_L-coverage_cosine_k3_G-centroid_euclidean_exponential_scale0.5_lambda0.7,coverage,cosine,3.0,,centroid,euclidean,exponential,0.5,0.7,6,0.7493968,0.7308002,0.08281384,0.63917524,0.0,0,0
text,algfw_L-coverage_cosine_k3_G-centroid_cosine_rational_scale1_lambda0.7,coverage,cosine,3.0,,centroid,cosine,rational,1.0,0.7,6,0.74932194,0.7327738,0.08871976,0.625,0.0,0,0
text,algfw_L-dcd_cosine_alpha10_G-centroid_manhattan_gaussian_scale0.25_lambda0.1,dcd,cosine,,10.0,centroid,manhattan,gaussian,0.25,0.1,6,0.7493022,0.72752607,0.09781029,0.6315789,0.0,0,0
text,algfw_L-dcd_cosine_alpha10_G-centroid_cosine_rational_scale0.5_lambda0.6,dcd,cosine,,10.0,centroid,cosine,rational,0.5,0.6,6,0.74928904,0.7167342,0.09820431,0.6315789,0.0,0,0
text,algfw_L-dcd_cosine_alpha10_G-centroid_euclidean_exponential_scale0.25_lambda0.6,dcd,cosine,,10.0,centroid,euclidean,exponential,0.25,0.6,6,0.74928045,0.7198685,0.10565336,0.625,0.0,0,0
text,algfw_L-coverage_cosine_k3_G-centroid_chebyshev_exponential_scale1_lambda0.8,coverage,cosine,3.0,,centroid,chebyshev,exponential,1.0,0.8,6,0.7492311,0.7259376,0.08587982,0.63917524,0.0,0,0
text,algfw_L-local_scaling_cosine_k5_G-centroid_euclidean_logistic_scale0.5_lambda0.8,local_scaling,cosine,5.0,,centroid,euclidean,logistic,0.5,0.8,6,0.7491996,0.7280581,0.087497465,0.6363636,0.0,0,0
text,algfw_L-coverage_cosine_k3_G-centroid_euclidean_rational_scale2_lambda0.7,coverage,cosine,3.0,,centroid,euclidean,rational,2.0,0.7,6,0.7491801,0.7249092,0.08624399,0.63917524,0.0,0,0
text,algfw_L-coverage_cosine_k3_G-energy_euclidean_cauchy_scale0.5_lambda0.8,coverage,cosine,3.0,,energy,euclidean,cauchy,0.5,0.8,6,0.74917245,0.72503597,0.08396897,0.63917524,0.0,0,0
text,algfw_L-dcd_cosine_alpha10_G-centroid_manhattan_gaussian_scale0.25_lambda0.4,dcd,cosine,,10.0,centroid,manhattan,gaussian,0.25,0.4,6,0.7491574,0.72436893,0.10719226,0.6105263,0.0,0,0
text,algfw_L-manifold_f1_euclidean_k5_G-centroid_cosine_exponential_scale0.25_lambda0.4,manifold_f1,euclidean,5.0,,centroid,cosine,exponential,0.25,0.4,6,0.74915594,0.7089366,0.096011885,0.64705884,0.0,0,0
text,algfw_L-coverage_cosine_k3_G-centroid_euclidean_rational_scale1_lambda0.7,coverage,cosine,3.0,,centroid,euclidean,rational,1.0,0.7,6,0.7491503,0.7272313,0.08365733,0.63917524,0.0,0,0
text,algfw_L-coverage_cosine_k3_G-centroid_euclidean_gaussian_scale0.25_lambda0.2,coverage,cosine,3.0,,centroid,euclidean,gaussian,0.25,0.2,6,0.7491214,0.73602486,0.0803602,0.63917524,0.0,0,0
text,algfw_L-coverage_cosine_k3_G-centroid_euclidean_cauchy_scale0.25_lambda0.6,coverage,cosine,3.0,,centroid,euclidean,cauchy,0.25,0.6,6,0.74909693,0.7305287,0.08400962,0.63917524,0.0,0,0
text,algfw_L-dcd_cosine_alpha10_G-centroid_manhattan_gaussian_scale0.25_lambda0.2,dcd,cosine,,10.0,centroid,manhattan,gaussian,0.25,0.2,6,0.74907416,0.7223259,0.105764,0.61702126,0.0,0,0
text,algfw_L-coverage_cosine_k3_G-centroid_chebyshev_gaussian_scale0.25_lambda0.6,coverage,cosine,3.0,,centroid,chebyshev,gaussian,0.25,0.6,6,0.74903893,0.7319057,0.08304857,0.63917524,0.0,0,0
text,algfw_L-coverage_cosine_k1_G-centroid_cosine_cauchy_scale0.25_lambda0.8,coverage,cosine,1.0,,centroid,cosine,cauchy,0.25,0.8,6,0.7490129,0.73450613,0.09681854,0.6185567,0.0,0,0
text,algfw_L-coverage_cosine_k3_G-centroid_cosine_exponential_scale0.25_lambda0.8,coverage,cosine,3.0,,centroid,cosine,exponential,0.25,0.8,6,0.74899536,0.7318245,0.09090123,0.625,0.0,0,0
text,algfw_L-dcd_cosine_alpha10_G-centroid_manhattan_affine_clipped_scale1_lambda0.7,dcd,cosine,,10.0,centroid,manhattan,affine_clipped,1.0,0.7,6,0.7489416,0.73216206,0.101903826,0.61702126,0.0,0,0
text,algfw_L-coverage_cosine_k3_G-centroid_euclidean_cauchy_scale1_lambda0.8,coverage,cosine,3.0,,centroid,euclidean,cauchy,1.0,0.8,6,0.7489056,0.72389376,0.08421847,0.63917524,0.0,0,0
text,algfw_L-coverage_cosine_k3_G-centroid_euclidean_rational_scale4_lambda0.6,coverage,cosine,3.0,,centroid,euclidean,rational,4.0,0.6,6,0.74886245,0.7241044,0.08680746,0.63917524,0.0,0,0
text,algfw_L-coverage_cosine_k3_G-centroid_chebyshev_rational_scale0.25_lambda0.7,coverage,cosine,3.0,,centroid,chebyshev,rational,0.25,0.7,6,0.74884003,0.7231384,0.08708696,0.63917524,0.0,0,0
time_series,algfw_L-local_scaling_chebyshev_k1_G-gaussian_frechet_euclidean_logistic_scale4_lambda0.7,local_scaling,chebyshev,1.0,,gaussian_frechet,euclidean,logistic,4.0,0.7,92,0.715371,0.6773349,0.08140109,0.65058583,0.0,0,0
time_series,algfw_L-local_scaling_manhattan_k3_G-gaussian_frechet_euclidean_gaussian_scale4_lambda0.6,local_scaling,manhattan,3.0,,gaussian_frechet,euclidean,gaussian,4.0,0.6,92,0.7143941,0.6775247,0.080462635,0.63125,0.0,0,0
time_series,algfw_L-local_scaling_chebyshev_k1_G-gaussian_frechet_euclidean_gaussian_scale4_lambda0.7,local_scaling,chebyshev,1.0,,gaussian_frechet,euclidean,gaussian,4.0,0.7,92,0.71434736,0.6758552,0.07999095,0.6533149,0.0,0,0
time_series,algfw_L-local_scaling_chebyshev_k1_G-gaussian_frechet_euclidean_exponential_scale4_lambda0.8,local_scaling,chebyshev,1.0,,gaussian_frechet,euclidean,exponential,4.0,0.8,92,0.7143163,0.6798135,0.07964229,0.65337,0.0,0,0
time_series,algfw_L-local_scaling_euclidean_k1_G-centroid_cosine_gaussian_scale0.5_lambda0.9,local_scaling,euclidean,1.0,,centroid,cosine,gaussian,0.5,0.9,92,0.7142457,0.6745212,0.07566474,0.6481481,1.0,1,0
time_series,algfw_L-local_scaling_euclidean_k1_G-centroid_cosine_cauchy_scale0.5_lambda0.9,local_scaling,euclidean,1.0,,centroid,cosine,cauchy,0.5,0.9,92,0.71420497,0.6792461,0.07494861,0.6451139,0.0,0,0
time_series,algfw_L-local_scaling_euclidean_k3_G-gaussian_frechet_euclidean_gaussian_scale4_lambda0.5,local_scaling,euclidean,3.0,,gaussian_frechet,euclidean,gaussian,4.0,0.5,92,0.7141843,0.67512876,0.081546195,0.6273292,0.0,0,0
time_series,algfw_L-local_scaling_chebyshev_k1_G-centroid_cosine_cauchy_scale0.25_lambda0.9,local_scaling,chebyshev,1.0,,centroid,cosine,cauchy,0.25,0.9,92,0.7140899,0.6835387,0.07525206,0.6540881,0.0,0,0
time_series,algfw_L-local_scaling_chebyshev_k1_G-gaussian_frechet_euclidean_gaussian_scale4_lambda0.3,local_scaling,chebyshev,1.0,,gaussian_frechet,euclidean,gaussian,4.0,0.3,92,0.7140211,0.6739439,0.08071253,0.6540881,0.0,0,0
time_series,algfw_L-local_scaling_chebyshev_k1_G-gaussian_frechet_euclidean_gaussian_scale4_lambda0.6,local_scaling,chebyshev,1.0,,gaussian_frechet,euclidean,gaussian,4.0,0.6,92,0.71400595,0.6754166,0.080502205,0.648379,0.0,0,0
time_series,algfw_L-local_scaling_euclidean_k1_G-gaussian_frechet_euclidean_logistic_scale2_lambda0.7,local_scaling,euclidean,1.0,,gaussian_frechet,euclidean,logistic,2.0,0.7,92,0.71400094,0.6800333,0.07982,0.6479751,0.0,0,0
time_series,algfw_L-local_scaling_chebyshev_k1_G-centroid_cosine_rational_scale1_lambda0.9,local_scaling,chebyshev,1.0,,centroid,cosine,rational,1.0,0.9,92,0.7139734,0.6833546,0.074357636,0.6540881,0.0,0,0
time_series,algfw_L-local_scaling_euclidean_k3_G-gaussian_frechet_euclidean_logistic_scale4_lambda0.6,local_scaling,euclidean,3.0,,gaussian_frechet,euclidean,logistic,4.0,0.6,92,0.7139678,0.6729344,0.080938034,0.61875,0.0,0,0
time_series,algfw_L-local_scaling_euclidean_k1_G-gaussian_frechet_euclidean_gaussian_scale4_lambda0.3,local_scaling,euclidean,1.0,,gaussian_frechet,euclidean,gaussian,4.0,0.3,92,0.71390486,0.67252773,0.0814253,0.64412236,0.0,0,0
time_series,algfw_L-local_scaling_chebyshev_k1_G-centroid_cosine_cauchy_scale1_lambda0.9,local_scaling,chebyshev,1.0,,centroid,cosine,cauchy,1.0,0.9,92,0.713882,0.6796803,0.07573302,0.64951766,0.0,0,0
time_series,algfw_L-local_scaling_manhattan_k3_G-gaussian_frechet_euclidean_gaussian_scale4_lambda0.3,local_scaling,manhattan,3.0,,gaussian_frechet,euclidean,gaussian,4.0,0.3,92,0.7138573,0.67308897,0.0809983,0.6369048,0.0,0,0
time_series,algfw_L-local_scaling_chebyshev_k1_G-gaussian_frechet_euclidean_logistic_scale4_lambda0.6,local_scaling,chebyshev,1.0,,gaussian_frechet,euclidean,logistic,4.0,0.6,92,0.7138501,0.67373645,0.08185419,0.6501035,0.0,0,0
time_series,algfw_L-local_scaling_chebyshev_k1_G-centroid_cosine_logistic_scale0.25_lambda0.9,local_scaling,chebyshev,1.0,,centroid,cosine,logistic,0.25,0.9,92,0.7137947,0.68383014,0.074550405,0.6363636,0.0,0,0
time_series,algfw_L-local_scaling_chebyshev_k1_G-centroid_cosine_exponential_scale4_lambda0.8,local_scaling,chebyshev,1.0,,centroid,cosine,exponential,4.0,0.8,92,0.71378094,0.67650133,0.07531275,0.6537217,0.0,0,0
time_series,algfw_L-local_scaling_euclidean_k3_G-gaussian_frechet_euclidean_exponential_scale4_lambda0.6,local_scaling,euclidean,3.0,,gaussian_frechet,euclidean,exponential,4.0,0.6,92,0.7137619,0.6750872,0.081059374,0.6457143,0.0,0,0
time_series,algfw_L-local_scaling_chebyshev_k1_G-gaussian_frechet_euclidean_gaussian_scale4_lambda0.5,local_scaling,chebyshev,1.0,,gaussian_frechet,euclidean,gaussian,4.0,0.5,92,0.7137531,0.67436546,0.08082599,0.6500692,0.0,0,0
time_series,algfw_L-local_scaling_chebyshev_k1_G-gaussian_frechet_euclidean_gaussian_scale4_lambda0.4,local_scaling,chebyshev,1.0,,gaussian_frechet,euclidean,gaussian,4.0,0.4,92,0.7137245,0.6729558,0.0804754,0.6491713,0.0,0,0
time_series,algfw_L-local_scaling_euclidean_k3_G-gaussian_frechet_euclidean_gaussian_scale4_lambda0.4,local_scaling,euclidean,3.0,,gaussian_frechet,euclidean,gaussian,4.0,0.4,92,0.71370184,0.67512876,0.08058965,0.61538464,0.0,0,0
time_series,algfw_L-local_scaling_chebyshev_k1_G-gaussian_frechet_euclidean_logistic_scale4_lambda0.8,local_scaling,chebyshev,1.0,,gaussian_frechet,euclidean,logistic,4.0,0.8,92,0.71369594,0.6761124,0.07924439,0.6456954,0.0,0,0
time_series,algfw_L-local_scaling_manhattan_k3_G-gaussian_frechet_euclidean_gaussian_scale4_lambda0.4,local_scaling,manhattan,3.0,,gaussian_frechet,euclidean,gaussian,4.0,0.4,92,0.7136749,0.67459506,0.0811703,0.64094955,0.0,0,0
time_series,algfw_L-local_scaling_chebyshev_k1_G-centroid_cosine_cauchy_scale2_lambda0.8,local_scaling,chebyshev,1.0,,centroid,cosine,cauchy,2.0,0.8,92,0.7136742,0.67871934,0.075227685,0.6535948,0.0,0,0
time_series,algfw_L-local_scaling_euclidean_k1_G-centroid_cosine_logistic_scale0.5_lambda0.9,local_scaling,euclidean,1.0,,centroid,cosine,logistic,0.5,0.9,92,0.7136741,0.6771552,0.07395732,0.6481481,0.0,0,0
time_series,algfw_L-local_scaling_chebyshev_k1_G-gaussian_frechet_euclidean_cauchy_scale4_lambda0.7,local_scaling,chebyshev,1.0,,gaussian_frechet,euclidean,cauchy,4.0,0.7,92,0.71366346,0.6728391,0.07797386,0.65108514,0.0,0,0
time_series,algfw_L-local_scaling_chebyshev_k1_G-centroid_cosine_logistic_scale1_lambda0.9,local_scaling,chebyshev,1.0,,centroid,cosine,logistic,1.0,0.9,92,0.71365446,0.6753247,0.07518083,0.650913,0.0,0,0
time_series,algfw_L-local_scaling_chebyshev_k1_G-centroid_cosine_linear_scale4_lambda0.7,local_scaling,chebyshev,1.0,,centroid,cosine,linear,4.0,0.7,92,0.7136441,0.6752951,0.07546444,0.6522911,0.0,0,0
time_series,algfw_L-local_scaling_euclidean_k1_G-gaussian_frechet_euclidean_gaussian_scale4_lambda0.5,local_scaling,euclidean,1.0,,gaussian_frechet,euclidean,gaussian,4.0,0.5,92,0.7136336,0.67381346,0.080397524,0.63829786,0.0,0,0
time_series,algfw_L-local_scaling_manhattan_k3_G-gaussian_frechet_euclidean_gaussian_scale2_lambda0.6,local_scaling,manhattan,3.0,,gaussian_frechet,euclidean,gaussian,2.0,0.6,92,0.7136317,0.6740489,0.08063245,0.6369048,0.0,0,0
time_series,algfw_L-local_scaling_euclidean_k1_G-centroid_cosine_gaussian_scale0.25_lambda0.9,local_scaling,euclidean,1.0,,centroid,cosine,gaussian,0.25,0.9,92,0.71362936,0.6769954,0.07473344,0.6481481,0.0,0,0
time_series,algfw_L-local_scaling_chebyshev_k1_G-centroid_cosine_cauchy_scale4_lambda0.6,local_scaling,chebyshev,1.0,,centroid,cosine,cauchy,4.0,0.6,92,0.7135932,0.6742516,0.07491813,0.6540881,0.0,0,0
time_series,algfw_L-local_scaling_chebyshev_k1_G-gaussian_frechet_euclidean_gaussian_scale2_lambda0.7,local_scaling,chebyshev,1.0,,gaussian_frechet,euclidean,gaussian,2.0,0.7,92,0.71356624,0.67253745,0.08118648,0.6505525,0.0,0,0
time_series,algfw_L-local_scaling_chebyshev_k1_G-gaussian_frechet_euclidean_logistic_scale4_lambda0.9,local_scaling,chebyshev,1.0,,gaussian_frechet,euclidean,logistic,4.0,0.9,92,0.71356356,0.6803652,0.07823424,0.6540881,0.0,0,0
time_series,algfw_L-local_scaling_euclidean_k1_G-gaussian_frechet_euclidean_logistic_scale4_lambda0.6,local_scaling,euclidean,1.0,,gaussian_frechet,euclidean,logistic,4.0,0.6,92,0.7135582,0.674193,0.08078244,0.6479751,0.0,0,0
time_series,algfw_L-local_scaling_chebyshev_k1_G-centroid_cosine_cauchy_scale0.5_lambda0.9,local_scaling,chebyshev,1.0,,centroid,cosine,cauchy,0.5,0.9,92,0.713537,0.68243515,0.075192824,0.64790875,0.0,0,0
time_series,algfw_L-local_scaling_chebyshev_k1_G-centroid_cosine_gaussian_scale0.25_lambda0.9,local_scaling,chebyshev,1.0,,centroid,cosine,gaussian,0.25,0.9,92,0.7135237,0.67917514,0.07525888,0.6527012,0.0,0,0
time_series,algfw_L-local_scaling_chebyshev_k1_G-centroid_cosine_logistic_scale4_lambda0.7,local_scaling,chebyshev,1.0,,centroid,cosine,logistic,4.0,0.7,92,0.7134896,0.67690575,0.075150646,0.65313655,0.0,0,0
time_series,algfw_L-local_scaling_chebyshev_k1_G-centroid_cosine_exponential_scale1_lambda0.9,local_scaling,chebyshev,1.0,,centroid,cosine,exponential,1.0,0.9,92,0.71348554,0.67962265,0.07472915,0.6515642,0.0,0,0
time_series,algfw_L-local_scaling_euclidean_k1_G-gaussian_frechet_euclidean_logistic_scale2_lambda0.8,local_scaling,euclidean,1.0,,gaussian_frechet,euclidean,logistic,2.0,0.8,92,0.7134848,0.6774894,0.07988615,0.6481481,0.0,0,0
time_series,algfw_L-local_scaling_euclidean_k1_G-gaussian_frechet_euclidean_gaussian_scale4_lambda0.4,local_scaling,euclidean,1.0,,gaussian_frechet,euclidean,gaussian,4.0,0.4,92,0.7134717,0.67301786,0.08077464,0.6481481,0.0,0,0
time_series,algfw_L-local_scaling_manhattan_k3_G-gaussian_frechet_euclidean_gaussian_scale4_lambda0.7,local_scaling,manhattan,3.0,,gaussian_frechet,euclidean,gaussian,4.0,0.7,92,0.71344423,0.6782161,0.07914551,0.63125,0.0,0,0
time_series,algfw_L-local_scaling_chebyshev_k1_G-gaussian_frechet_euclidean_cauchy_scale4_lambda0.5,local_scaling,chebyshev,1.0,,gaussian_frechet,euclidean,cauchy,4.0,0.5,92,0.7134399,0.6710007,0.077982016,0.6540881,0.0,0,0
time_series,algfw_L-local_scaling_euclidean_k1_G-gaussian_frechet_euclidean_logistic_scale4_lambda0.7,local_scaling,euclidean,1.0,,gaussian_frechet,euclidean,logistic,4.0,0.7,92,0.71342885,0.67464596,0.080503926,0.64784056,0.0,0,0
time_series,algfw_L-local_scaling_chebyshev_k1_G-gaussian_frechet_euclidean_gaussian_scale4_lambda0.8,local_scaling,chebyshev,1.0,,gaussian_frechet,euclidean,gaussian,4.0,0.8,92,0.71341515,0.677459,0.07955555,0.6490939,0.0,0,0
time_series,algfw_L-local_scaling_euclidean_k1_G-gaussian_frechet_euclidean_gaussian_scale4_lambda0.6,local_scaling,euclidean,1.0,,gaussian_frechet,euclidean,gaussian,4.0,0.6,92,0.7134082,0.67534184,0.081126414,0.63829786,0.0,0,0
time_series,algfw_L-local_scaling_manhattan_k3_G-gaussian_frechet_euclidean_logistic_scale4_lambda0.5,local_scaling,manhattan,3.0,,gaussian_frechet,euclidean,logistic,4.0,0.5,92,0.7133934,0.67360574,0.08146107,0.6457143,0.0,0,0
time_series,algfw_L-local_scaling_euclidean_k1_G-centroid_cosine_logistic_scale2_lambda0.8,local_scaling,euclidean,1.0,,centroid,cosine,logistic,2.0,0.8,92,0.71336836,0.674706,0.072968274,0.6481481,0.0,0,0
time_series,algfw_L-local_scaling_chebyshev_k1_G-centroid_manhattan_gaussian_scale2_lambda0.7,local_scaling,chebyshev,1.0,,centroid,manhattan,gaussian,2.0,0.7,92,0.7133611,0.6748815,0.07862465,0.6523605,0.0,0,0
time_series,algfw_L-local_scaling_chebyshev_k1_G-centroid_cosine_linear_scale0.25_lambda0.9,local_scaling,chebyshev,1.0,,centroid,cosine,linear,0.25,0.9,92,0.7133604,0.6788732,0.07460357,0.6363636,0.0,0,0
time_series,algfw_L-local_scaling_chebyshev_k1_G-gaussian_frechet_euclidean_exponential_scale4_lambda0.9,local_scaling,chebyshev,1.0,,gaussian_frechet,euclidean,exponential,4.0,0.9,92,0.7133528,0.6776391,0.07901892,0.6540881,0.0,0,0
time_series,algfw_L-local_scaling_chebyshev_k1_G-gaussian_frechet_euclidean_logistic_scale4_lambda0.5,local_scaling,chebyshev,1.0,,gaussian_frechet,euclidean,logistic,4.0,0.5,92,0.71334916,0.6740179,0.0822614,0.62619805,0.0,0,0
time_series,algfw_L-local_scaling_chebyshev_k1_G-centroid_cosine_rational_scale4_lambda0.8,local_scaling,chebyshev,1.0,,centroid,cosine,rational,4.0,0.8,92,0.7133484,0.67743045,0.075310625,0.6540881,0.0,0,0
time_series,algfw_L-local_scaling_euclidean_k1_G-gaussian_frechet_euclidean_gaussian_scale4_lambda0.2,local_scaling,euclidean,1.0,,gaussian_frechet,euclidean,gaussian,4.0,0.2,92,0.71334225,0.67215985,0.0802705,0.6481481,0.0,0,0
time_series,algfw_L-local_scaling_euclidean_k1_G-gaussian_frechet_euclidean_gaussian_scale2_lambda0.7,local_scaling,euclidean,1.0,,gaussian_frechet,euclidean,gaussian,2.0,0.7,92,0.7133314,0.67490286,0.080819584,0.6481481,0.0,0,0
time_series,algfw_L-local_scaling_manhattan_k3_G-gaussian_frechet_euclidean_logistic_scale4_lambda0.6,local_scaling,manhattan,3.0,,gaussian_frechet,euclidean,logistic,4.0,0.6,92,0.7133255,0.67047656,0.081701145,0.63126844,0.0,0,0
time_series,algfw_L-local_scaling_chebyshev_k1_G-centroid_cosine_exponential_scale0.5_lambda0.9,local_scaling,chebyshev,1.0,,centroid,cosine,exponential,0.5,0.9,92,0.71329844,0.68527174,0.074942015,0.6363636,0.0,0,0
time_series,algfw_L-local_scaling_euclidean_k3_G-gaussian_frechet_euclidean_logistic_scale4_lambda0.7,local_scaling,euclidean,3.0,,gaussian_frechet,euclidean,logistic,4.0,0.7,92,0.71326333,0.67331976,0.079680145,0.62695926,0.0,0,0
time_series,algfw_L-local_scaling_chebyshev_k1_G-centroid_cosine_gaussian_scale4_lambda0.4,local_scaling,chebyshev,1.0,,centroid,cosine,gaussian,4.0,0.4,92,0.7132595,0.67130476,0.07470241,0.65228647,0.0,0,0
time_series,algfw_L-coverage_cosine_k3_G-gaussian_frechet_euclidean_rational_scale0.25_lambda0.6,coverage,cosine,3.0,,gaussian_frechet,euclidean,rational,0.25,0.6,92,0.71325797,0.6760019,0.07431045,0.65,0.0,0,0
time_series,algfw_L-local_scaling_chebyshev_k1_G-centroid_cosine_linear_scale2_lambda0.8,local_scaling,chebyshev,1.0,,centroid,cosine,linear,2.0,0.8,92,0.7132557,0.6762973,0.074459605,0.6393862,0.0,0,0
time_series,algfw_L-local_scaling_chebyshev_k1_G-mmd_rbf_euclidean_affine_clipped_scale0.5_lambda0.8,local_scaling,chebyshev,1.0,,mmd_rbf,euclidean,affine_clipped,0.5,0.8,92,0.71324176,0.67638636,0.077921115,0.6509636,0.0,0,0
time_series,algfw_L-local_scaling_chebyshev_k1_G-gaussian_frechet_euclidean_exponential_scale2_lambda0.9,local_scaling,chebyshev,1.0,,gaussian_frechet,euclidean,exponential,2.0,0.9,92,0.7132411,0.6757016,0.07877779,0.6540881,0.0,0,0
time_series,algfw_L-local_scaling_chebyshev_k1_G-centroid_cosine_exponential_scale2_lambda0.9,local_scaling,chebyshev,1.0,,centroid,cosine,exponential,2.0,0.9,92,0.71323377,0.68064725,0.07478962,0.6540881,0.0,0,0
time_series,algfw_L-local_scaling_chebyshev_k1_G-centroid_cosine_gaussian_scale1_lambda0.9,local_scaling,chebyshev,1.0,,centroid,cosine,gaussian,1.0,0.9,92,0.71322227,0.6779215,0.07565552,0.6537634,0.0,0,0
time_series,algfw_L-local_scaling_euclidean_k1_G-gaussian_frechet_euclidean_gaussian_scale2_lambda0.6,local_scaling,euclidean,1.0,,gaussian_frechet,euclidean,gaussian,2.0,0.6,92,0.7132088,0.67395306,0.08152075,0.64526486,0.0,0,0
time_series,algfw_L-local_scaling_euclidean_k3_G-gaussian_frechet_euclidean_logistic_scale4_lambda0.5,local_scaling,euclidean,3.0,,gaussian_frechet,euclidean,logistic,4.0,0.5,92,0.7131929,0.6714899,0.081164956,0.6369048,0.0,0,0
time_series,algfw_L-local_scaling_chebyshev_k1_G-centroid_cosine_linear_scale1_lambda0.9,local_scaling,chebyshev,1.0,,centroid,cosine,linear,1.0,0.9,92,0.7131867,0.6758827,0.074746214,0.6505376,0.0,0,0
time_series,algfw_L-local_scaling_euclidean_k3_G-gaussian_frechet_euclidean_gaussian_scale4_lambda0.6,local_scaling,euclidean,3.0,,gaussian_frechet,euclidean,gaussian,4.0,0.6,92,0.71316934,0.6758966,0.07996458,0.6292835,0.0,0,0
time_series,algfw_L-local_scaling_manhattan_k3_G-gaussian_frechet_euclidean_gaussian_scale4_lambda0.2,local_scaling,manhattan,3.0,,gaussian_frechet,euclidean,gaussian,4.0,0.2,92,0.71315366,0.67340916,0.08128665,0.61875,0.0,0,0
time_series,algfw_L-local_scaling_chebyshev_k1_G-gaussian_frechet_euclidean_gaussian_scale2_lambda0.6,local_scaling,chebyshev,1.0,,gaussian_frechet,euclidean,gaussian,2.0,0.6,92,0.7131473,0.6718848,0.08136618,0.6530055,0.0,0,0
time_series,algfw_L-local_scaling_chebyshev_k1_G-gaussian_frechet_euclidean_cauchy_scale4_lambda0.6,local_scaling,chebyshev,1.0,,gaussian_frechet,euclidean,cauchy,4.0,0.6,92,0.71313304,0.6752434,0.07701362,0.6496199,0.0,0,0
time_series,algfw_L-local_scaling_chebyshev_k1_G-centroid_cosine_linear_scale0.5_lambda0.9,local_scaling,chebyshev,1.0,,centroid,cosine,linear,0.5,0.9,92,0.713131,0.6823409,0.07328027,0.6486486,0.0,0,0
time_series,algfw_L-local_scaling_euclidean_k1_G-centroid_cosine_rational_scale2_lambda0.8,local_scaling,euclidean,1.0,,centroid,cosine,rational,2.0,0.8,92,0.71312696,0.6745627,0.07382109,0.64530385,0.0,0,0
time_series,algfw_L-local_scaling_chebyshev_k1_G-centroid_cosine_gaussian_scale4_lambda0.5,local_scaling,chebyshev,1.0,,centroid,cosine,gaussian,4.0,0.5,92,0.7131248,0.6733307,0.07549695,0.6443914,0.0,0,0
time_series,algfw_L-local_scaling_euclidean_k1_G-centroid_manhattan_affine_clipped_scale4_lambda0.7,local_scaling,euclidean,1.0,,centroid,manhattan,affine_clipped,4.0,0.7,92,0.71309346,0.67359424,0.0793445,0.6481481,0.0,0,0
time_series,algfw_L-local_scaling_euclidean_k1_G-centroid_cosine_cauchy_scale0.25_lambda0.9,local_scaling,euclidean,1.0,,centroid,cosine,cauchy,0.25,0.9,92,0.71307987,0.6737573,0.07467838,0.6439169,0.0,0,0
time_series,algfw_L-local_scaling_euclidean_k1_G-centroid_cosine_linear_scale0.5_lambda0.9,local_scaling,euclidean,1.0,,centroid,cosine,linear,0.5,0.9,92,0.71306807,0.678282,0.07325567,0.6481481,0.0,0,0
time_series,algfw_L-local_scaling_chebyshev_k1_G-centroid_cosine_gaussian_scale2_lambda0.8,local_scaling,chebyshev,1.0,,centroid,cosine,gaussian,2.0,0.8,92,0.7130625,0.67744285,0.07607115,0.6345178,0.0,0,0
time_series,algfw_L-local_scaling_chebyshev_k1_G-centroid_cosine_exponential_scale0.25_lambda0.9,local_scaling,chebyshev,1.0,,centroid,cosine,exponential,0.25,0.9,92,0.71303815,0.6845655,0.07378913,0.6363636,0.0,0,0
time_series,algfw_L-local_scaling_manhattan_k3_G-gaussian_frechet_euclidean_gaussian_scale4_lambda0.5,local_scaling,manhattan,3.0,,gaussian_frechet,euclidean,gaussian,4.0,0.5,92,0.71303785,0.673228,0.08067065,0.63322884,0.0,0,0
time_series,algfw_L-local_scaling_chebyshev_k1_G-centroid_euclidean_gaussian_scale1_lambda0.8,local_scaling,chebyshev,1.0,,centroid,euclidean,gaussian,1.0,0.8,92,0.71303666,0.6705328,0.08053911,0.6523605,0.0,0,0
time_series,algfw_L-local_scaling_euclidean_k1_G-centroid_cosine_linear_scale0.25_lambda0.9,local_scaling,euclidean,1.0,,centroid,cosine,linear,0.25,0.9,92,0.7130351,0.675882,0.0735488,0.63272727,0.0,0,0
time_series,algfw_L-local_scaling_euclidean_k1_G-gaussian_frechet_euclidean_gaussian_scale4_lambda0.7,local_scaling,euclidean,1.0,,gaussian_frechet,euclidean,gaussian,4.0,0.7,92,0.71303403,0.67486525,0.08112943,0.63829786,0.0,0,0
time_series,algfw_L-local_scaling_chebyshev_k1_G-centroid_manhattan_affine_clipped_scale4_lambda0.8,local_scaling,chebyshev,1.0,,centroid,manhattan,affine_clipped,4.0,0.8,92,0.7130272,0.6698638,0.07927637,0.6514286,0.0,0,0
time_series,algfw_L-local_scaling_chebyshev_k1_G-centroid_euclidean_gaussian_scale2_lambda0.6,local_scaling,chebyshev,1.0,,centroid,euclidean,gaussian,2.0,0.6,92,0.7130238,0.6714906,0.079144344,0.6523605,0.0,0,0
time_series,algfw_L-local_scaling_chebyshev_k1_G-gaussian_frechet_euclidean_exponential_scale4_lambda0.7,local_scaling,chebyshev,1.0,,gaussian_frechet,euclidean,exponential,4.0,0.7,92,0.713021,0.67370117,0.08160961,0.62619805,0.0,0,0
time_series,algfw_L-local_scaling_chebyshev_k1_G-gaussian_frechet_euclidean_logistic_scale1_lambda0.9,local_scaling,chebyshev,1.0,,gaussian_frechet,euclidean,logistic,1.0,0.9,92,0.7130161,0.6778779,0.079154894,0.6525285,0.0,0,0
time_series,algfw_L-local_scaling_chebyshev_k1_G-centroid_cosine_rational_scale4_lambda0.9,local_scaling,chebyshev,1.0,,centroid,cosine,rational,4.0,0.9,92,0.71301466,0.67841315,0.07519225,0.65140325,0.0,0,0
time_series,algfw_L-local_scaling_chebyshev_k1_G-centroid_cosine_rational_scale0.5_lambda0.9,local_scaling,chebyshev,1.0,,centroid,cosine,rational,0.5,0.9,92,0.7130123,0.68224525,0.07444482,0.6363636,0.0,0,0
time_series,algfw_L-local_scaling_chebyshev_k1_G-centroid_cosine_logistic_scale2_lambda0.8,local_scaling,chebyshev,1.0,,centroid,cosine,logistic,2.0,0.8,92,0.7130108,0.6762353,0.07446912,0.6527652,0.0,0,0
time_series,algfw_L-local_scaling_chebyshev_k1_G-centroid_euclidean_gaussian_scale2_lambda0.8,local_scaling,chebyshev,1.0,,centroid,euclidean,gaussian,2.0,0.8,92,0.71296877,0.67209333,0.07816022,0.6523605,0.0,0,0
time_series,algfw_L-local_scaling_chebyshev_k1_G-centroid_cosine_cauchy_scale4_lambda0.5,local_scaling,chebyshev,1.0,,centroid,cosine,cauchy,4.0,0.5,92,0.71295166,0.67488587,0.07471569,0.652064,0.0,0,0
time_series,algfw_L-local_scaling_euclidean_k3_G-gaussian_frechet_euclidean_gaussian_scale4_lambda0.7,local_scaling,euclidean,3.0,,gaussian_frechet,euclidean,gaussian,4.0,0.7,92,0.7129377,0.67621326,0.07958006,0.6292835,0.0,0,0
time_series,algfw_L-local_scaling_chebyshev_k1_G-gaussian_frechet_euclidean_logistic_scale2_lambda0.7,local_scaling,chebyshev,1.0,,gaussian_frechet,euclidean,logistic,2.0,0.7,92,0.7129343,0.6738879,0.08172388,0.62619805,0.0,0,0
time_series,algfw_L-local_scaling_euclidean_k1_G-centroid_cosine_exponential_scale0.5_lambda0.9,local_scaling,euclidean,1.0,,centroid,cosine,exponential,0.5,0.9,92,0.7129197,0.67252773,0.07493998,0.63272727,0.0,0,0
time_series,algfw_L-local_scaling_euclidean_k1_G-gaussian_frechet_euclidean_gaussian_scale4_lambda0.8,local_scaling,euclidean,1.0,,gaussian_frechet,euclidean,gaussian,4.0,0.8,92,0.7129099,0.67580366,0.07934898,0.6425993,0.0,0,0
time_series,algfw_L-coverage_cosine_k3_G-gaussian_frechet_euclidean_rational_scale2_lambda0.8,coverage,cosine,3.0,,gaussian_frechet,euclidean,rational,2.0,0.8,92,0.7129078,0.6754916,0.0732578,0.63221884,0.0,0,0
